編號,樣本ID,完整檔名,檔案大小(MB)
1,DRR019499,DRR019499_1.fastq,14401.54
2,DRR019499,DRR019499_2.fastq,14401.54
3,ERR2031964,ERR2031964_1.fastq,7283.22
4,ERR2031964,ERR2031964_2.fastq,7307.13
5,ERR2696421,ERR2696421_1.fastq,2642.56
6,ERR2696422,ERR2696422_1.fastq,2873.62
7,ERR2696423,ERR2696423_1.fastq,2244.4
8,ERR2696424,ERR2696424_1.fastq,2040.07
9,ERR2696425,ERR2696425_1.fastq,2812.94
10,ERR2696426,ERR2696426_1.fastq,2952.4
11,ERR2696427,ERR2696427_1.fastq,2702.35
12,ERR2696428,ERR2696428_1.fastq,2455.37
13,ERR317241,ERR317241_1.fastq,3422.62
14,ERR317241,ERR317241_2.fastq,3422.62
15,ERR317255,ERR317255_1.fastq,3640.45
16,ERR317255,ERR317255_2.fastq,3640.45
17,ERR317256,ERR317256_1.fastq,3360.73
18,ERR317256,ERR317256_2.fastq,3360.73
19,ERR317261,ERR317261_1.fastq,2880.45
20,ERR317261,ERR317261_2.fastq,2880.45
21,ERR317264,ERR317264_1.fastq,12135.0
22,ERR317264,ERR317264_2.fastq,12135.0
23,ERR317272,ERR317272_1.fastq,9148.7
24,ERR317272,ERR317272_2.fastq,9148.7
25,ERR317274,ERR317274_1.fastq,7532.8
26,ERR317274,ERR317274_2.fastq,7532.8
27,ERR317275,ERR317275_1.fastq,9108.29
28,ERR317275,ERR317275_2.fastq,9108.29
29,ERR317281,ERR317281_1.fastq,8466.69
30,ERR317281,ERR317281_2.fastq,8466.69
31,ERR317283,ERR317283_1.fastq,2555.83
32,ERR317283,ERR317283_2.fastq,2555.83
33,ERR317284,ERR317284_1.fastq,7592.55
34,ERR317284,ERR317284_2.fastq,7592.55
35,ERR317288,ERR317288_1.fastq,6747.1
36,ERR317288,ERR317288_2.fastq,6747.1
37,ERR317289,ERR317289_1.fastq,2092.41
38,ERR317289,ERR317289_2.fastq,2092.41
39,ERR317296,ERR317296_1.fastq,3322.67
40,ERR317296,ERR317296_2.fastq,3322.67
41,ERR317297,ERR317297_1.fastq,5799.38
42,ERR317297,ERR317297_2.fastq,5799.38
43,ERR317302,ERR317302_1.fastq,6754.31
44,ERR317302,ERR317302_2.fastq,6754.31
45,ERR317303,ERR317303_1.fastq,3026.34
46,ERR317303,ERR317303_2.fastq,3026.34
47,ERR317304,ERR317304_1.fastq,4675.89
48,ERR317304,ERR317304_2.fastq,4675.89
49,ERR317306,ERR317306_1.fastq,4809.91
50,ERR317306,ERR317306_2.fastq,4809.91
51,ERR317309,ERR317309_1.fastq,4231.4
52,ERR317309,ERR317309_2.fastq,4231.4
53,ERR317311,ERR317311_1.fastq,5721.02
54,ERR317311,ERR317311_2.fastq,5721.02
55,ERR317312,ERR317312_1.fastq,3815.41
56,ERR317312,ERR317312_2.fastq,3815.41
57,ERR317314,ERR317314_1.fastq,2672.33
58,ERR317314,ERR317314_2.fastq,2672.33
59,ERR317316,ERR317316_1.fastq,5488.02
60,ERR317316,ERR317316_2.fastq,5488.02
61,ERR317317,ERR317317_1.fastq,2053.03
62,ERR317317,ERR317317_2.fastq,2053.03
63,ERR317318,ERR317318_1.fastq,2527.29
64,ERR317318,ERR317318_2.fastq,2527.29
65,ERR317319,ERR317319_1.fastq,1969.13
66,ERR317319,ERR317319_2.fastq,1969.13
67,ERR317320,ERR317320_1.fastq,2089.37
68,ERR317320,ERR317320_2.fastq,2089.37
69,ERR317321,ERR317321_1.fastq,3543.94
70,ERR317321,ERR317321_2.fastq,3543.94
71,ERR317325,ERR317325_1.fastq,7702.66
72,ERR317325,ERR317325_2.fastq,7702.66
73,ERR317327,ERR317327_1.fastq,2166.59
74,ERR317327,ERR317327_2.fastq,2166.59
75,ERR317330,ERR317330_1.fastq,4503.69
76,ERR317330,ERR317330_2.fastq,4503.69
77,ERR317333,ERR317333_1.fastq,10247.98
78,ERR317333,ERR317333_2.fastq,10247.98
79,ERR317335,ERR317335_1.fastq,7479.92
80,ERR317335,ERR317335_2.fastq,7479.92
81,ERR317338,ERR317338_1.fastq,6759.22
82,ERR317338,ERR317338_2.fastq,6759.22
83,ERR317339,ERR317339_1.fastq,1762.72
84,ERR317339,ERR317339_2.fastq,1762.72
85,ERR317340,ERR317340_1.fastq,2953.12
86,ERR317340,ERR317340_2.fastq,2953.12
87,ERR317343,ERR317343_1.fastq,4364.33
88,ERR317343,ERR317343_2.fastq,4364.33
89,ERR317344,ERR317344_1.fastq,1.33
90,ERR317344,ERR317344_2.fastq,1.33
91,ERR317345,ERR317345_1.fastq,1.8
92,ERR317345,ERR317345_2.fastq,1.8
93,ERR317346,ERR317346_1.fastq,2297.89
94,ERR317346,ERR317346_2.fastq,2297.89
95,ERR317347,ERR317347_1.fastq,2997.06
96,ERR317347,ERR317347_2.fastq,2997.06
97,ERR317348,ERR317348_1.fastq,4552.1
98,ERR317348,ERR317348_2.fastq,4552.1
99,ERR317349,ERR317349_1.fastq,3517.1
100,ERR317349,ERR317349_2.fastq,3517.1
101,ERR317350,ERR317350_1.fastq,3150.35
102,ERR317350,ERR317350_2.fastq,3150.35
103,ERR317351,ERR317351_1.fastq,11017.13
104,ERR317351,ERR317351_2.fastq,11017.13
105,ERR317352,ERR317352_1.fastq,0.49
106,ERR317352,ERR317352_2.fastq,0.49
107,ERR317354,ERR317354_1.fastq,1927.81
108,ERR317354,ERR317354_2.fastq,1927.81
109,ERR317355,ERR317355_1.fastq,2239.15
110,ERR317355,ERR317355_2.fastq,2239.15
111,ERR317358,ERR317358_1.fastq,10909.98
112,ERR317358,ERR317358_2.fastq,10909.98
113,ERR317359,ERR317359_1.fastq,15157.57
114,ERR317359,ERR317359_2.fastq,15157.57
115,ERR317360,ERR317360_1.fastq,1.82
116,ERR317360,ERR317360_2.fastq,1.82
117,ERR317365,ERR317365_1.fastq,4136.88
118,ERR317365,ERR317365_2.fastq,4136.88
119,ERR317366,ERR317366_1.fastq,16348.34
120,ERR317366,ERR317366_2.fastq,16348.34
121,ERR317371,ERR317371_1.fastq,6142.65
122,ERR317371,ERR317371_2.fastq,6142.65
123,ERR317372,ERR317372_1.fastq,5402.24
124,ERR317372,ERR317372_2.fastq,5402.24
125,ERR317421,ERR317421_1.fastq,3040.36
126,ERR317421,ERR317421_2.fastq,3040.36
127,ERR317433,ERR317433_1.fastq,3053.44
128,ERR317433,ERR317433_2.fastq,3053.44
129,ERR317459,ERR317459_1.fastq,4038.63
130,ERR317459,ERR317459_2.fastq,4038.63
131,ERR317460,ERR317460_1.fastq,3865.7
132,ERR317460,ERR317460_2.fastq,3865.7
133,ERR317465,ERR317465_1.fastq,3296.74
134,ERR317465,ERR317465_2.fastq,3296.74
135,ERR317468,ERR317468_1.fastq,13595.36
136,ERR317468,ERR317468_2.fastq,13595.36
137,ERR317471,ERR317471_1.fastq,3993.74
138,ERR317471,ERR317471_2.fastq,3993.74
139,ERR317472,ERR317472_1.fastq,3817.8
140,ERR317472,ERR317472_2.fastq,3817.8
141,ERR317477,ERR317477_1.fastq,3257.65
142,ERR317477,ERR317477_2.fastq,3257.65
143,ERR317480,ERR317480_1.fastq,13438.9
144,ERR317480,ERR317480_2.fastq,13438.9
145,ERR319977,ERR319977_1.fastq,2459.19
146,ERR319977,ERR319977_2.fastq,2459.19
147,ERR319990,ERR319990_1.fastq,2547.48
148,ERR319990,ERR319990_2.fastq,2547.48
149,ERR320008,ERR320008_1.fastq,2997.79
150,ERR320008,ERR320008_2.fastq,2997.79
151,ERR320010,ERR320010_1.fastq,2526.08
152,ERR320010,ERR320010_2.fastq,2526.08
153,ERR320016,ERR320016_1.fastq,2745.82
154,ERR320016,ERR320016_2.fastq,2745.82
155,ERR320031,ERR320031_1.fastq,2503.89
156,ERR320031,ERR320031_2.fastq,2503.89
157,ERR320052,ERR320052_1.fastq,3087.59
158,ERR320052,ERR320052_2.fastq,3087.59
159,ERR320056,ERR320056_1.fastq,99.94
160,ERR320056,ERR320056_2.fastq,99.94
161,ERR320087,ERR320087_1.fastq,3104.0
162,ERR320087,ERR320087_2.fastq,3104.0
163,ERR320088,ERR320088_1.fastq,3929.51
164,ERR320088,ERR320088_2.fastq,3929.51
165,ERR320090,ERR320090_1.fastq,3711.82
166,ERR320090,ERR320090_2.fastq,3711.82
167,ERR320091,ERR320091_1.fastq,3626.62
168,ERR320091,ERR320091_2.fastq,3626.62
169,ERR320093,ERR320093_1.fastq,3415.42
170,ERR320093,ERR320093_2.fastq,3415.42
171,ERR320095,ERR320095_1.fastq,3884.62
172,ERR320095,ERR320095_2.fastq,3884.62
173,ERR320096,ERR320096_1.fastq,3630.53
174,ERR320096,ERR320096_2.fastq,3630.53
175,ERR320097,ERR320097_1.fastq,4110.39
176,ERR320097,ERR320097_2.fastq,4110.39
177,ERR320098,ERR320098_1.fastq,6619.57
178,ERR320098,ERR320098_2.fastq,6619.57
179,ERR320099,ERR320099_1.fastq,4813.29
180,ERR320099,ERR320099_2.fastq,4813.29
181,ERR320100,ERR320100_1.fastq,5600.6
182,ERR320100,ERR320100_2.fastq,5600.6
183,ERR320102,ERR320102_1.fastq,3501.61
184,ERR320102,ERR320102_2.fastq,3501.61
185,ERR320103,ERR320103_1.fastq,3410.62
186,ERR320103,ERR320103_2.fastq,3410.62
187,ERR320104,ERR320104_1.fastq,4810.38
188,ERR320104,ERR320104_2.fastq,4810.38
189,ERR320105,ERR320105_1.fastq,3440.73
190,ERR320105,ERR320105_2.fastq,3440.73
191,ERR320106,ERR320106_1.fastq,2996.78
192,ERR320106,ERR320106_2.fastq,2996.78
193,ERR320107,ERR320107_1.fastq,4870.5
194,ERR320107,ERR320107_2.fastq,4870.5
195,ERR320108,ERR320108_1.fastq,4250.12
196,ERR320108,ERR320108_2.fastq,4250.12
197,ERR320109,ERR320109_1.fastq,4791.59
198,ERR320109,ERR320109_2.fastq,4791.59
199,ERR320110,ERR320110_1.fastq,4126.05
200,ERR320110,ERR320110_2.fastq,4126.05
201,ERR320111,ERR320111_1.fastq,4036.67
202,ERR320111,ERR320111_2.fastq,4036.67
203,ERR320112,ERR320112_1.fastq,5124.96
204,ERR320112,ERR320112_2.fastq,5124.96
205,ERR320113,ERR320113_1.fastq,4104.69
206,ERR320113,ERR320113_2.fastq,4104.69
207,ERR320114,ERR320114_1.fastq,4228.17
208,ERR320114,ERR320114_2.fastq,4228.17
209,ERR320115,ERR320115_1.fastq,3962.77
210,ERR320115,ERR320115_2.fastq,3962.77
211,ERR320117,ERR320117_1.fastq,4437.69
212,ERR320117,ERR320117_2.fastq,4437.69
213,ERR320118,ERR320118_1.fastq,4337.98
214,ERR320118,ERR320118_2.fastq,4337.98
215,ERR320119,ERR320119_1.fastq,4699.97
216,ERR320119,ERR320119_2.fastq,4699.97
217,ERR320126,ERR320126_1.fastq,7426.25
218,ERR320126,ERR320126_2.fastq,7426.25
219,ERR320127,ERR320127_1.fastq,1072.99
220,ERR320127,ERR320127_2.fastq,1072.99
221,ERR320131,ERR320131_1.fastq,1280.67
222,ERR320131,ERR320131_2.fastq,1280.67
223,ERR320134,ERR320134_1.fastq,4177.65
224,ERR320134,ERR320134_2.fastq,4177.65
225,ERR320135,ERR320135_1.fastq,4883.29
226,ERR320135,ERR320135_2.fastq,4883.29
227,ERR320136,ERR320136_1.fastq,4626.3
228,ERR320136,ERR320136_2.fastq,4626.3
229,ERR320137,ERR320137_1.fastq,3838.28
230,ERR320137,ERR320137_2.fastq,3838.28
231,ERR320139,ERR320139_1.fastq,4460.59
232,ERR320139,ERR320139_2.fastq,4460.59
233,ERR320141,ERR320141_1.fastq,4921.77
234,ERR320141,ERR320141_2.fastq,4921.77
235,ERR320142,ERR320142_1.fastq,4800.41
236,ERR320142,ERR320142_2.fastq,4800.41
237,ERR320143,ERR320143_1.fastq,4753.39
238,ERR320143,ERR320143_2.fastq,4753.39
239,ERR320144,ERR320144_1.fastq,4038.57
240,ERR320144,ERR320144_2.fastq,4038.57
241,ERR320145,ERR320145_1.fastq,4603.96
242,ERR320145,ERR320145_2.fastq,4603.96
243,ERR320146,ERR320146_1.fastq,4198.03
244,ERR320146,ERR320146_2.fastq,4198.03
245,ERR320147,ERR320147_1.fastq,3677.39
246,ERR320147,ERR320147_2.fastq,3677.39
247,ERR320148,ERR320148_1.fastq,4821.85
248,ERR320148,ERR320148_2.fastq,4821.85
249,ERR320149,ERR320149_1.fastq,3849.14
250,ERR320149,ERR320149_2.fastq,3849.14
251,ERR320150,ERR320150_1.fastq,5318.97
252,ERR320150,ERR320150_2.fastq,5318.97
253,ERR320152,ERR320152_1.fastq,4599.42
254,ERR320152,ERR320152_2.fastq,4599.42
255,ERR320154,ERR320154_1.fastq,4253.67
256,ERR320154,ERR320154_2.fastq,4253.67
257,ERR320155,ERR320155_1.fastq,4553.9
258,ERR320155,ERR320155_2.fastq,4553.9
259,ERR320158,ERR320158_1.fastq,4413.19
260,ERR320158,ERR320158_2.fastq,4413.19
261,ERR320159,ERR320159_1.fastq,4411.74
262,ERR320159,ERR320159_2.fastq,4411.74
263,ERR320160,ERR320160_1.fastq,5146.87
264,ERR320160,ERR320160_2.fastq,5146.87
265,ERR320161,ERR320161_1.fastq,3209.42
266,ERR320161,ERR320161_2.fastq,3209.42
267,ERR320163,ERR320163_1.fastq,5932.33
268,ERR320163,ERR320163_2.fastq,5932.33
269,ERR320167,ERR320167_1.fastq,3636.47
270,ERR320167,ERR320167_2.fastq,3636.47
271,ERR320168,ERR320168_1.fastq,4959.63
272,ERR320168,ERR320168_2.fastq,4959.63
273,ERR320199,ERR320199_1.fastq,9166.89
274,ERR320199,ERR320199_2.fastq,9166.89
275,ERR320201,ERR320201_1.fastq,7570.87
276,ERR320201,ERR320201_2.fastq,7570.87
277,ERR320202,ERR320202_1.fastq,9252.13
278,ERR320202,ERR320202_2.fastq,9252.13
279,ERR320211,ERR320211_1.fastq,9206.83
280,ERR320211,ERR320211_2.fastq,9206.83
281,ERR320213,ERR320213_1.fastq,7589.27
282,ERR320213,ERR320213_2.fastq,7589.27
283,ERR320214,ERR320214_1.fastq,9278.07
284,ERR320214,ERR320214_2.fastq,9278.07
285,ERR320220,ERR320220_1.fastq,8474.62
286,ERR320220,ERR320220_2.fastq,8474.62
287,ERR320222,ERR320222_1.fastq,2585.35
288,ERR320222,ERR320222_2.fastq,2585.35
289,ERR320223,ERR320223_1.fastq,7637.53
290,ERR320223,ERR320223_2.fastq,7637.53
291,ERR320227,ERR320227_1.fastq,6769.43
292,ERR320227,ERR320227_2.fastq,6769.43
293,ERR320228,ERR320228_1.fastq,2084.95
294,ERR320228,ERR320228_2.fastq,2084.95
295,ERR320232,ERR320232_1.fastq,8432.37
296,ERR320232,ERR320232_2.fastq,8432.37
297,ERR320234,ERR320234_1.fastq,2573.16
298,ERR320234,ERR320234_2.fastq,2573.16
299,ERR320235,ERR320235_1.fastq,7607.76
300,ERR320235,ERR320235_2.fastq,7607.76
301,ERR320239,ERR320239_1.fastq,6734.33
302,ERR320239,ERR320239_2.fastq,6734.33
303,ERR320240,ERR320240_1.fastq,2077.65
304,ERR320240,ERR320240_2.fastq,2077.65
305,ERR323407,ERR323407_1.fastq,7675.34
306,ERR323407,ERR323407_2.fastq,7675.34
307,ERR323408,ERR323408_1.fastq,3645.34
308,ERR323408,ERR323408_2.fastq,3645.34
309,ERR323409,ERR323409_1.fastq,5540.73
310,ERR323409,ERR323409_2.fastq,5540.73
311,ERR323411,ERR323411_1.fastq,5533.34
312,ERR323411,ERR323411_2.fastq,5533.34
313,ERR323414,ERR323414_1.fastq,4989.66
314,ERR323414,ERR323414_2.fastq,4989.66
315,ERR323416,ERR323416_1.fastq,6743.65
316,ERR323416,ERR323416_2.fastq,6743.65
317,ERR323417,ERR323417_1.fastq,4747.15
318,ERR323417,ERR323417_2.fastq,4747.15
319,ERR323419,ERR323419_1.fastq,7993.63
320,ERR323419,ERR323419_2.fastq,7993.63
321,ERR323420,ERR323420_1.fastq,3794.28
322,ERR323420,ERR323420_2.fastq,3794.28
323,ERR323421,ERR323421_1.fastq,5764.11
324,ERR323421,ERR323421_2.fastq,5764.11
325,ERR323423,ERR323423_1.fastq,5759.8
326,ERR323423,ERR323423_2.fastq,5759.8
327,ERR323426,ERR323426_1.fastq,5197.24
328,ERR323426,ERR323426_2.fastq,5197.24
329,ERR323428,ERR323428_1.fastq,7025.35
330,ERR323428,ERR323428_2.fastq,7025.35
331,ERR323429,ERR323429_1.fastq,4937.91
332,ERR323429,ERR323429_2.fastq,4937.91
333,ERR323431,ERR323431_1.fastq,4044.4
334,ERR323431,ERR323431_2.fastq,4044.4
335,ERR323433,ERR323433_1.fastq,7965.99
336,ERR323433,ERR323433_2.fastq,7965.99
337,ERR323434,ERR323434_1.fastq,3252.19
338,ERR323434,ERR323434_2.fastq,3252.19
339,ERR323435,ERR323435_1.fastq,3948.05
340,ERR323435,ERR323435_2.fastq,3948.05
341,ERR323436,ERR323436_1.fastq,3109.09
342,ERR323436,ERR323436_2.fastq,3109.09
343,ERR323437,ERR323437_1.fastq,3265.44
344,ERR323437,ERR323437_2.fastq,3265.44
345,ERR323438,ERR323438_1.fastq,5069.91
346,ERR323438,ERR323438_2.fastq,5069.91
347,ERR323442,ERR323442_1.fastq,11008.04
348,ERR323442,ERR323442_2.fastq,11008.04
349,ERR323443,ERR323443_1.fastq,4101.92
350,ERR323443,ERR323443_2.fastq,4101.92
351,ERR323445,ERR323445_1.fastq,8077.31
352,ERR323445,ERR323445_2.fastq,8077.31
353,ERR323446,ERR323446_1.fastq,3298.2
354,ERR323446,ERR323446_2.fastq,3298.2
355,ERR323447,ERR323447_1.fastq,4001.21
356,ERR323447,ERR323447_2.fastq,4001.21
357,ERR323448,ERR323448_1.fastq,3151.38
358,ERR323448,ERR323448_2.fastq,3151.38
359,ERR323449,ERR323449_1.fastq,3311.4
360,ERR323449,ERR323449_2.fastq,3311.4
361,ERR323450,ERR323450_1.fastq,5140.81
362,ERR323450,ERR323450_2.fastq,5140.81
363,ERR323454,ERR323454_1.fastq,11162.01
364,ERR323454,ERR323454_2.fastq,11162.01
365,ERR323455,ERR323455_1.fastq,9633.27
366,ERR323455,ERR323455_2.fastq,9633.27
367,ERR323456,ERR323456_1.fastq,2813.99
368,ERR323456,ERR323456_2.fastq,2813.99
369,ERR323457,ERR323457_1.fastq,4430.26
370,ERR323457,ERR323457_2.fastq,4430.26
371,ERR323460,ERR323460_1.fastq,6577.66
372,ERR323460,ERR323460_2.fastq,6577.66
373,ERR323461,ERR323461_1.fastq,2.06
374,ERR323461,ERR323461_2.fastq,2.06
375,ERR323462,ERR323462_1.fastq,2.71
376,ERR323462,ERR323462_2.fastq,2.71
377,ERR323463,ERR323463_1.fastq,3656.53
378,ERR323463,ERR323463_2.fastq,3656.53
379,ERR323464,ERR323464_1.fastq,4767.47
380,ERR323464,ERR323464_2.fastq,4767.47
381,ERR323465,ERR323465_1.fastq,6958.8
382,ERR323465,ERR323465_2.fastq,6958.8
383,ERR323466,ERR323466_1.fastq,5421.78
384,ERR323466,ERR323466_2.fastq,5421.78
385,ERR323467,ERR323467_1.fastq,9682.56
386,ERR323467,ERR323467_2.fastq,9682.56
387,ERR323468,ERR323468_1.fastq,2828.72
388,ERR323468,ERR323468_2.fastq,2828.72
389,ERR323469,ERR323469_1.fastq,4455.55
390,ERR323469,ERR323469_2.fastq,4455.55
391,ERR323472,ERR323472_1.fastq,6615.07
392,ERR323472,ERR323472_2.fastq,6615.07
393,ERR323473,ERR323473_1.fastq,2.05
394,ERR323473,ERR323473_2.fastq,2.05
395,ERR323474,ERR323474_1.fastq,2.7
396,ERR323474,ERR323474_2.fastq,2.7
397,ERR323475,ERR323475_1.fastq,3675.95
398,ERR323475,ERR323475_2.fastq,3675.95
399,ERR323476,ERR323476_1.fastq,4792.86
400,ERR323476,ERR323476_2.fastq,4792.86
401,ERR323477,ERR323477_1.fastq,6997.7
402,ERR323477,ERR323477_2.fastq,6997.7
403,ERR323478,ERR323478_1.fastq,5446.7
404,ERR323478,ERR323478_2.fastq,5446.7
405,ERR323529,ERR323529_1.fastq,4161.5
406,ERR323529,ERR323529_2.fastq,4161.5
407,ERR323530,ERR323530_1.fastq,5240.99
408,ERR323530,ERR323530_2.fastq,5240.99
409,ERR323532,ERR323532_1.fastq,4972.86
410,ERR323532,ERR323532_2.fastq,4972.86
411,ERR323533,ERR323533_1.fastq,4816.11
412,ERR323533,ERR323533_2.fastq,4816.11
413,ERR323535,ERR323535_1.fastq,4545.38
414,ERR323535,ERR323535_2.fastq,4545.38
415,ERR323537,ERR323537_1.fastq,5262.62
416,ERR323537,ERR323537_2.fastq,5262.62
417,ERR323538,ERR323538_1.fastq,4838.09
418,ERR323538,ERR323538_2.fastq,4838.09
419,ERR323541,ERR323541_1.fastq,4146.09
420,ERR323541,ERR323541_2.fastq,4146.09
421,ERR323542,ERR323542_1.fastq,5223.97
422,ERR323542,ERR323542_2.fastq,5223.97
423,ERR323544,ERR323544_1.fastq,4955.1
424,ERR323544,ERR323544_2.fastq,4955.1
425,ERR323545,ERR323545_1.fastq,4797.51
426,ERR323545,ERR323545_2.fastq,4797.51
427,ERR323547,ERR323547_1.fastq,4531.59
428,ERR323547,ERR323547_2.fastq,4531.59
429,ERR323549,ERR323549_1.fastq,5242.68
430,ERR323549,ERR323549_2.fastq,5242.68
431,ERR323550,ERR323550_1.fastq,4820.66
432,ERR323550,ERR323550_2.fastq,4820.66
433,ERR323551,ERR323551_1.fastq,4149.54
434,ERR323551,ERR323551_2.fastq,4149.54
435,ERR323552,ERR323552_1.fastq,6670.07
436,ERR323552,ERR323552_2.fastq,6670.07
437,ERR323553,ERR323553_1.fastq,4856.57
438,ERR323553,ERR323553_2.fastq,4856.57
439,ERR323554,ERR323554_1.fastq,5659.12
440,ERR323554,ERR323554_2.fastq,5659.12
441,ERR323556,ERR323556_1.fastq,3535.47
442,ERR323556,ERR323556_2.fastq,3535.47
443,ERR323557,ERR323557_1.fastq,3441.56
444,ERR323557,ERR323557_2.fastq,3441.56
445,ERR323558,ERR323558_1.fastq,4849.01
446,ERR323558,ERR323558_2.fastq,4849.01
447,ERR323559,ERR323559_1.fastq,3472.8
448,ERR323559,ERR323559_2.fastq,3472.8
449,ERR323560,ERR323560_1.fastq,3017.87
450,ERR323560,ERR323560_2.fastq,3017.87
451,ERR323561,ERR323561_1.fastq,4913.23
452,ERR323561,ERR323561_2.fastq,4913.23
453,ERR323562,ERR323562_1.fastq,4285.86
454,ERR323562,ERR323562_2.fastq,4285.86
455,ERR323563,ERR323563_1.fastq,4155.08
456,ERR323563,ERR323563_2.fastq,4155.08
457,ERR323564,ERR323564_1.fastq,6683.01
458,ERR323564,ERR323564_2.fastq,6683.01
459,ERR323565,ERR323565_1.fastq,4862.7
460,ERR323565,ERR323565_2.fastq,4862.7
461,ERR323566,ERR323566_1.fastq,5669.42
462,ERR323566,ERR323566_2.fastq,5669.42
463,ERR323568,ERR323568_1.fastq,3536.69
464,ERR323568,ERR323568_2.fastq,3536.69
465,ERR323569,ERR323569_1.fastq,3448.74
466,ERR323569,ERR323569_2.fastq,3448.74
467,ERR323570,ERR323570_1.fastq,4860.5
468,ERR323570,ERR323570_2.fastq,4860.5
469,ERR323571,ERR323571_1.fastq,3481.31
470,ERR323571,ERR323571_2.fastq,3481.31
471,ERR323572,ERR323572_1.fastq,3025.23
472,ERR323572,ERR323572_2.fastq,3025.23
473,ERR323573,ERR323573_1.fastq,4920.71
474,ERR323573,ERR323573_2.fastq,4920.71
475,ERR323574,ERR323574_1.fastq,4292.38
476,ERR323574,ERR323574_2.fastq,4292.38
477,ERR323575,ERR323575_1.fastq,4935.22
478,ERR323575,ERR323575_2.fastq,4935.22
479,ERR323576,ERR323576_1.fastq,4247.68
480,ERR323576,ERR323576_2.fastq,4247.68
481,ERR323577,ERR323577_1.fastq,4165.16
482,ERR323577,ERR323577_2.fastq,4165.16
483,ERR323578,ERR323578_1.fastq,5291.61
484,ERR323578,ERR323578_2.fastq,5291.61
485,ERR323579,ERR323579_1.fastq,4229.48
486,ERR323579,ERR323579_2.fastq,4229.48
487,ERR323580,ERR323580_1.fastq,4361.6
488,ERR323580,ERR323580_2.fastq,4361.6
489,ERR323581,ERR323581_1.fastq,4093.37
490,ERR323581,ERR323581_2.fastq,4093.37
491,ERR323583,ERR323583_1.fastq,4569.83
492,ERR323583,ERR323583_2.fastq,4569.83
493,ERR323584,ERR323584_1.fastq,4479.6
494,ERR323584,ERR323584_2.fastq,4479.6
495,ERR323585,ERR323585_1.fastq,4849.97
496,ERR323585,ERR323585_2.fastq,4849.97
497,ERR323587,ERR323587_1.fastq,4902.96
498,ERR323587,ERR323587_2.fastq,4902.96
499,ERR323588,ERR323588_1.fastq,4216.67
500,ERR323588,ERR323588_2.fastq,4216.67
501,ERR323589,ERR323589_1.fastq,4136.38
502,ERR323589,ERR323589_2.fastq,4136.38
503,ERR323590,ERR323590_1.fastq,5255.62
504,ERR323590,ERR323590_2.fastq,5255.62
505,ERR323591,ERR323591_1.fastq,4200.54
506,ERR323591,ERR323591_2.fastq,4200.54
507,ERR323592,ERR323592_1.fastq,4330.51
508,ERR323592,ERR323592_2.fastq,4330.51
509,ERR323593,ERR323593_1.fastq,4068.64
510,ERR323593,ERR323593_2.fastq,4068.64
511,ERR323595,ERR323595_1.fastq,4538.74
512,ERR323595,ERR323595_2.fastq,4538.74
513,ERR323596,ERR323596_1.fastq,4447.61
514,ERR323596,ERR323596_2.fastq,4447.61
515,ERR323597,ERR323597_1.fastq,4814.34
516,ERR323597,ERR323597_2.fastq,4814.34
517,ERR323604,ERR323604_1.fastq,7490.6
518,ERR323604,ERR323604_2.fastq,7490.6
519,ERR323605,ERR323605_1.fastq,1076.81
520,ERR323605,ERR323605_2.fastq,1076.81
521,ERR323609,ERR323609_1.fastq,1296.56
522,ERR323609,ERR323609_2.fastq,1296.56
523,ERR323616,ERR323616_1.fastq,7461.92
524,ERR323616,ERR323616_2.fastq,7461.92
525,ERR323617,ERR323617_1.fastq,1076.19
526,ERR323617,ERR323617_2.fastq,1076.19
527,ERR323621,ERR323621_1.fastq,1294.22
528,ERR323621,ERR323621_2.fastq,1294.22
529,ERR323624,ERR323624_1.fastq,4188.58
530,ERR323624,ERR323624_2.fastq,4188.58
531,ERR323625,ERR323625_1.fastq,4850.26
532,ERR323625,ERR323625_2.fastq,4850.26
533,ERR323626,ERR323626_1.fastq,4617.7
534,ERR323626,ERR323626_2.fastq,4617.7
535,ERR323627,ERR323627_1.fastq,3818.59
536,ERR323627,ERR323627_2.fastq,3818.59
537,ERR323629,ERR323629_1.fastq,4428.17
538,ERR323629,ERR323629_2.fastq,4428.17
539,ERR323631,ERR323631_1.fastq,4871.62
540,ERR323631,ERR323631_2.fastq,4871.62
541,ERR323632,ERR323632_1.fastq,4778.75
542,ERR323632,ERR323632_2.fastq,4778.75
543,ERR323633,ERR323633_1.fastq,4711.81
544,ERR323633,ERR323633_2.fastq,4711.81
545,ERR323634,ERR323634_1.fastq,4022.3
546,ERR323634,ERR323634_2.fastq,4022.3
547,ERR323636,ERR323636_1.fastq,4184.87
548,ERR323636,ERR323636_2.fastq,4184.87
549,ERR323637,ERR323637_1.fastq,4841.66
550,ERR323637,ERR323637_2.fastq,4841.66
551,ERR323638,ERR323638_1.fastq,4611.53
552,ERR323638,ERR323638_2.fastq,4611.53
553,ERR323639,ERR323639_1.fastq,3814.24
554,ERR323639,ERR323639_2.fastq,3814.24
555,ERR323641,ERR323641_1.fastq,4425.09
556,ERR323641,ERR323641_2.fastq,4425.09
557,ERR323643,ERR323643_1.fastq,4870.74
558,ERR323643,ERR323643_2.fastq,4870.74
559,ERR323644,ERR323644_1.fastq,4773.76
560,ERR323644,ERR323644_2.fastq,4773.76
561,ERR323645,ERR323645_1.fastq,4710.49
562,ERR323645,ERR323645_2.fastq,4710.49
563,ERR323646,ERR323646_1.fastq,4018.79
564,ERR323646,ERR323646_2.fastq,4018.79
565,ERR323647,ERR323647_1.fastq,4753.31
566,ERR323647,ERR323647_2.fastq,4753.31
567,ERR323648,ERR323648_1.fastq,4339.5
568,ERR323648,ERR323648_2.fastq,4339.5
569,ERR323649,ERR323649_1.fastq,3799.7
570,ERR323649,ERR323649_2.fastq,3799.7
571,ERR323650,ERR323650_1.fastq,4989.88
572,ERR323650,ERR323650_2.fastq,4989.88
573,ERR323651,ERR323651_1.fastq,3973.37
574,ERR323651,ERR323651_2.fastq,3973.37
575,ERR323652,ERR323652_1.fastq,5494.27
576,ERR323652,ERR323652_2.fastq,5494.27
577,ERR323654,ERR323654_1.fastq,4742.14
578,ERR323654,ERR323654_2.fastq,4742.14
579,ERR323656,ERR323656_1.fastq,4393.03
580,ERR323656,ERR323656_2.fastq,4393.03
581,ERR323657,ERR323657_1.fastq,4694.64
582,ERR323657,ERR323657_2.fastq,4694.64
583,ERR323659,ERR323659_1.fastq,4770.64
584,ERR323659,ERR323659_2.fastq,4770.64
585,ERR323660,ERR323660_1.fastq,4355.29
586,ERR323660,ERR323660_2.fastq,4355.29
587,ERR323661,ERR323661_1.fastq,3810.78
588,ERR323661,ERR323661_2.fastq,3810.78
589,ERR323662,ERR323662_1.fastq,5003.87
590,ERR323662,ERR323662_2.fastq,5003.87
591,ERR323663,ERR323663_1.fastq,3987.25
592,ERR323663,ERR323663_2.fastq,3987.25
593,ERR323664,ERR323664_1.fastq,5514.82
594,ERR323664,ERR323664_2.fastq,5514.82
595,ERR323666,ERR323666_1.fastq,4756.76
596,ERR323666,ERR323666_2.fastq,4756.76
597,ERR323668,ERR323668_1.fastq,4406.24
598,ERR323668,ERR323668_2.fastq,4406.24
599,ERR323669,ERR323669_1.fastq,4711.72
600,ERR323669,ERR323669_2.fastq,4711.72
601,ERR323672,ERR323672_1.fastq,4746.99
602,ERR323672,ERR323672_2.fastq,4746.99
603,ERR323673,ERR323673_1.fastq,4721.88
604,ERR323673,ERR323673_2.fastq,4721.88
605,ERR323674,ERR323674_1.fastq,5512.48
606,ERR323674,ERR323674_2.fastq,5512.48
607,ERR323675,ERR323675_1.fastq,3478.97
608,ERR323675,ERR323675_2.fastq,3478.97
609,ERR323677,ERR323677_1.fastq,6341.41
610,ERR323677,ERR323677_2.fastq,6341.41
611,ERR323681,ERR323681_1.fastq,3909.14
612,ERR323681,ERR323681_2.fastq,3909.14
613,ERR323682,ERR323682_1.fastq,5327.99
614,ERR323682,ERR323682_2.fastq,5327.99
615,ERR323684,ERR323684_1.fastq,4712.17
616,ERR323684,ERR323684_2.fastq,4712.17
617,ERR323685,ERR323685_1.fastq,4682.92
618,ERR323685,ERR323685_2.fastq,4682.92
619,ERR323686,ERR323686_1.fastq,5463.02
620,ERR323686,ERR323686_2.fastq,5463.02
621,ERR323687,ERR323687_1.fastq,3451.52
622,ERR323687,ERR323687_2.fastq,3451.52
623,ERR323689,ERR323689_1.fastq,6288.9
624,ERR323689,ERR323689_2.fastq,6288.9
625,ERR323693,ERR323693_1.fastq,3878.97
626,ERR323693,ERR323693_2.fastq,3878.97
627,ERR323694,ERR323694_1.fastq,5289.14
628,ERR323694,ERR323694_2.fastq,5289.14
629,ERR323705,ERR323705_1.fastq,3544.91
630,ERR323705,ERR323705_2.fastq,3544.91
631,ERR323707,ERR323707_1.fastq,5273.13
632,ERR323707,ERR323707_2.fastq,5273.13
633,ERR323711,ERR323711_1.fastq,5150.39
634,ERR323711,ERR323711_2.fastq,5150.39
635,ERR323745,ERR323745_1.fastq,3989.93
636,ERR323745,ERR323745_2.fastq,3989.93
637,ERR323747,ERR323747_1.fastq,4140.4
638,ERR323747,ERR323747_2.fastq,4140.4
639,ERR323770,ERR323770_1.fastq,4057.94
640,ERR323770,ERR323770_2.fastq,4057.94
641,ERR323780,ERR323780_1.fastq,4575.4
642,ERR323780,ERR323780_2.fastq,4575.4
643,ERR323787,ERR323787_1.fastq,4397.21
644,ERR323787,ERR323787_2.fastq,4397.21
645,ERR323788,ERR323788_1.fastq,4397.18
646,ERR323788,ERR323788_2.fastq,4397.18
647,ERR323811,ERR323811_1.fastq,4718.86
648,ERR323811,ERR323811_2.fastq,4718.86
649,ERR323829,ERR323829_1.fastq,4308.38
650,ERR323829,ERR323829_2.fastq,4308.38
651,ERR323831,ERR323831_1.fastq,4676.82
652,ERR323831,ERR323831_2.fastq,4676.82
653,ERR323834,ERR323834_1.fastq,4102.58
654,ERR323834,ERR323834_2.fastq,4102.58
655,ERR323838,ERR323838_1.fastq,4841.7
656,ERR323838,ERR323838_2.fastq,4841.7
657,ERR323854,ERR323854_1.fastq,504.04
658,ERR323854,ERR323854_2.fastq,504.04
659,ERR323858,ERR323858_1.fastq,4922.6
660,ERR323858,ERR323858_2.fastq,4922.6
661,ERR323865,ERR323865_1.fastq,4496.81
662,ERR323865,ERR323865_2.fastq,4496.81
663,ERR323869,ERR323869_1.fastq,5246.05
664,ERR323869,ERR323869_2.fastq,5246.05
665,ERR323881,ERR323881_1.fastq,4571.15
666,ERR323881,ERR323881_2.fastq,4571.15
667,ERR323882,ERR323882_1.fastq,3953.47
668,ERR323882,ERR323882_2.fastq,3953.47
669,ERR326889,ERR326889_1.fastq,3939.73
670,ERR326889,ERR326889_2.fastq,3939.73
671,ERR326985,ERR326985_1.fastq,5000.4
672,ERR326985,ERR326985_2.fastq,5000.4
673,ERR326995,ERR326995_1.fastq,3933.61
674,ERR326995,ERR326995_2.fastq,3933.61
675,ERR326997,ERR326997_1.fastq,4073.58
676,ERR326997,ERR326997_2.fastq,4073.58
677,ERR327007,ERR327007_1.fastq,3971.04
678,ERR327007,ERR327007_2.fastq,3971.04
679,ERR327009,ERR327009_1.fastq,4106.99
680,ERR327009,ERR327009_2.fastq,4106.99
681,ERR327044,ERR327044_1.fastq,4046.91
682,ERR327044,ERR327044_2.fastq,4046.91
683,ERR327056,ERR327056_1.fastq,3999.22
684,ERR327056,ERR327056_2.fastq,3999.22
685,ERR327066,ERR327066_1.fastq,4569.53
686,ERR327066,ERR327066_2.fastq,4569.53
687,ERR327073,ERR327073_1.fastq,4403.82
688,ERR327073,ERR327073_2.fastq,4403.82
689,ERR327074,ERR327074_1.fastq,4424.51
690,ERR327074,ERR327074_2.fastq,4424.51
691,ERR327078,ERR327078_1.fastq,4542.77
692,ERR327078,ERR327078_2.fastq,4542.77
693,ERR327085,ERR327085_1.fastq,4373.9
694,ERR327085,ERR327085_2.fastq,1729.84
695,ERR327086,ERR327086_1.fastq,4388.47
696,ERR327086,ERR327086_2.fastq,2995.31
697,ERR327147,ERR327147_1.fastq,1649.66
698,ERR327147,ERR327147_2.fastq,1649.66
699,ERR327159,ERR327159_1.fastq,3605.39
700,ERR327159,ERR327159_2.fastq,893.97
701,ERR327161,ERR327161_1.fastq,5379.69
702,ERR327161,ERR327161_2.fastq,5379.69
703,ERR327165,ERR327165_1.fastq,5243.2
704,ERR327165,ERR327165_2.fastq,5243.2
705,ERR327173,ERR327173_1.fastq,5368.99
706,ERR327173,ERR327173_2.fastq,5368.99
707,ERR327177,ERR327177_1.fastq,5232.84
708,ERR327177,ERR327177_2.fastq,5232.84
709,ERR327293,ERR327293_1.fastq,4275.57
710,ERR327293,ERR327293_2.fastq,4275.57
711,ERR327329,ERR327329_1.fastq,5888.07
712,ERR327329,ERR327329_2.fastq,5888.07
713,ERR327341,ERR327341_1.fastq,5877.67
714,ERR327341,ERR327341_2.fastq,5877.67
715,ERR327354,ERR327354_1.fastq,5538.35
716,ERR327354,ERR327354_2.fastq,5538.35
717,ERR327366,ERR327366_1.fastq,5554.58
718,ERR327366,ERR327366_2.fastq,5554.58
719,ERR327384,ERR327384_1.fastq,6348.61
720,ERR327384,ERR327384_2.fastq,6348.61
721,ERR327386,ERR327386_1.fastq,4945.72
722,ERR327386,ERR327386_2.fastq,4945.72
723,ERR327396,ERR327396_1.fastq,6340.47
724,ERR327396,ERR327396_2.fastq,6340.47
725,ERR327398,ERR327398_1.fastq,4934.1
726,ERR327398,ERR327398_2.fastq,4934.1
727,ERR328393,ERR328393_1.fastq,5601.29
728,ERR328393,ERR328393_2.fastq,5601.29
729,ERR328405,ERR328405_1.fastq,5532.46
730,ERR328405,ERR328405_2.fastq,5532.46
731,ERR328439,ERR328439_1.fastq,6926.05
732,ERR328439,ERR328439_2.fastq,6926.05
733,ERR328443,ERR328443_1.fastq,212.85
734,ERR328443,ERR328443_2.fastq,212.85
735,ERR328451,ERR328451_1.fastq,6935.87
736,ERR328451,ERR328451_2.fastq,6935.87
737,ERR328455,ERR328455_1.fastq,212.75
738,ERR328455,ERR328455_2.fastq,212.75
739,ERR328516,ERR328516_1.fastq,4523.91
740,ERR328516,ERR328516_2.fastq,4523.91
741,ERR328528,ERR328528_1.fastq,4516.3
742,ERR328528,ERR328528_2.fastq,4516.3
743,ERR328558,ERR328558_1.fastq,4008.74
744,ERR328558,ERR328558_2.fastq,4008.74
745,ERR328560,ERR328560_1.fastq,4332.21
746,ERR328560,ERR328560_2.fastq,4332.21
747,ERR328563,ERR328563_1.fastq,3785.42
748,ERR328563,ERR328563_2.fastq,3785.42
749,ERR328567,ERR328567_1.fastq,4463.0
750,ERR328567,ERR328567_2.fastq,4463.0
751,ERR328570,ERR328570_1.fastq,3979.76
752,ERR328570,ERR328570_2.fastq,3979.76
753,ERR328572,ERR328572_1.fastq,4300.99
754,ERR328572,ERR328572_2.fastq,4300.99
755,ERR328575,ERR328575_1.fastq,3760.07
756,ERR328575,ERR328575_2.fastq,3760.07
757,ERR328579,ERR328579_1.fastq,4432.44
758,ERR328579,ERR328579_2.fastq,4432.44
759,ERR328607,ERR328607_1.fastq,482.97
760,ERR328607,ERR328607_2.fastq,482.97
761,ERR328611,ERR328611_1.fastq,4706.88
762,ERR328611,ERR328611_2.fastq,4706.88
763,ERR328619,ERR328619_1.fastq,484.76
764,ERR328619,ERR328619_2.fastq,484.76
765,ERR328623,ERR328623_1.fastq,4722.51
766,ERR328623,ERR328623_2.fastq,4722.51
767,ERR328630,ERR328630_1.fastq,4234.34
768,ERR328630,ERR328630_2.fastq,4234.34
769,ERR328634,ERR328634_1.fastq,5022.68
770,ERR328634,ERR328634_2.fastq,5022.68
771,ERR328642,ERR328642_1.fastq,4246.76
772,ERR328642,ERR328642_2.fastq,4246.76
773,ERR328646,ERR328646_1.fastq,5036.23
774,ERR328646,ERR328646_2.fastq,5036.23
775,ERR328658,ERR328658_1.fastq,4438.8
776,ERR328658,ERR328658_2.fastq,4438.8
777,ERR328659,ERR328659_1.fastq,3826.56
778,ERR328659,ERR328659_2.fastq,3826.56
779,ERR328670,ERR328670_1.fastq,4409.73
780,ERR328670,ERR328670_2.fastq,4409.73
781,ERR328671,ERR328671_1.fastq,3783.15
782,ERR328671,ERR328671_2.fastq,3783.15
783,ERR328752,ERR328752_1.fastq,4994.57
784,ERR328752,ERR328752_2.fastq,4994.57
785,ERR328764,ERR328764_1.fastq,5000.53
786,ERR328764,ERR328764_2.fastq,5000.53
787,ERR328816,ERR328816_1.fastq,5501.96
788,ERR328816,ERR328816_2.fastq,5501.96
789,ERR331587,ERR331587_1.fastq,3728.09
790,ERR331587,ERR331587_2.fastq,3728.09
791,ERR331599,ERR331599_1.fastq,3726.35
792,ERR331599,ERR331599_2.fastq,3726.35
793,ERR331823,ERR331823_1.fastq,4227.61
794,ERR331823,ERR331823_2.fastq,4227.61
795,ERR331835,ERR331835_1.fastq,4222.38
796,ERR331835,ERR331835_2.fastq,4222.38
797,ERR331975,ERR331975_1.fastq,5077.99
798,ERR331975,ERR331975_2.fastq,5077.99
799,ERR331987,ERR331987_1.fastq,5068.1
800,ERR331987,ERR331987_2.fastq,5068.1
801,ERR340904,ERR340904_1.fastq,3849.77
802,ERR340904,ERR340904_2.fastq,3849.77
803,ERR340905,ERR340905_1.fastq,6116.87
804,ERR340905,ERR340905_2.fastq,6116.87
805,ERR340916,ERR340916_1.fastq,3822.67
806,ERR340916,ERR340916_2.fastq,3822.67
807,ERR340917,ERR340917_1.fastq,6083.91
808,ERR340917,ERR340917_2.fastq,6083.91
809,ERR340923,ERR340923_1.fastq,2416.05
810,ERR340923,ERR340923_2.fastq,2416.05
811,ERR340926,ERR340926_1.fastq,4594.35
812,ERR340926,ERR340926_2.fastq,4594.35
813,ERR340929,ERR340929_1.fastq,10581.26
814,ERR340929,ERR340929_2.fastq,10581.26
815,ERR340931,ERR340931_1.fastq,7604.99
816,ERR340931,ERR340931_2.fastq,7604.99
817,ERR340935,ERR340935_1.fastq,2395.8
818,ERR340935,ERR340935_2.fastq,2395.8
819,ERR340938,ERR340938_1.fastq,4544.94
820,ERR340938,ERR340938_2.fastq,4544.94
821,ERR340941,ERR340941_1.fastq,10489.32
822,ERR340941,ERR340941_2.fastq,10489.32
823,ERR340943,ERR340943_1.fastq,7533.69
824,ERR340943,ERR340943_2.fastq,7533.69
825,ERR343484,ERR343484_1.fastq,3905.37
826,ERR343484,ERR343484_2.fastq,3905.37
827,ERR343511,ERR343511_1.fastq,3701.69
828,ERR343511,ERR343511_2.fastq,3701.69
829,ERR343512,ERR343512_1.fastq,12919.08
830,ERR343512,ERR343512_2.fastq,12919.08
831,ERR343513,ERR343513_1.fastq,0.46
832,ERR343513,ERR343513_2.fastq,0.46
833,ERR343515,ERR343515_1.fastq,2280.84
834,ERR343515,ERR343515_2.fastq,2280.84
835,ERR343516,ERR343516_1.fastq,2803.28
836,ERR343516,ERR343516_2.fastq,2803.28
837,ERR343519,ERR343519_1.fastq,12518.57
838,ERR343519,ERR343519_2.fastq,12518.57
839,ERR343520,ERR343520_1.fastq,18294.89
840,ERR343520,ERR343520_2.fastq,18294.89
841,ERR343521,ERR343521_1.fastq,0.51
842,ERR343521,ERR343521_2.fastq,0.51
843,ERR343523,ERR343523_1.fastq,3730.99
844,ERR343523,ERR343523_2.fastq,3730.99
845,ERR343524,ERR343524_1.fastq,13048.85
846,ERR343524,ERR343524_2.fastq,13048.85
847,ERR343525,ERR343525_1.fastq,0.49
848,ERR343525,ERR343525_2.fastq,0.49
849,ERR343527,ERR343527_1.fastq,2300.02
850,ERR343527,ERR343527_2.fastq,2300.02
851,ERR343528,ERR343528_1.fastq,2825.54
852,ERR343528,ERR343528_2.fastq,2825.54
853,ERR343531,ERR343531_1.fastq,12626.7
854,ERR343531,ERR343531_2.fastq,12626.7
855,ERR343532,ERR343532_1.fastq,18465.13
856,ERR343532,ERR343532_2.fastq,18465.13
857,ERR343533,ERR343533_1.fastq,0.53
858,ERR343533,ERR343533_2.fastq,0.53
859,ERR343538,ERR343538_1.fastq,5052.68
860,ERR343538,ERR343538_2.fastq,5052.68
861,ERR343539,ERR343539_1.fastq,19115.76
862,ERR343539,ERR343539_2.fastq,19115.76
863,ERR343544,ERR343544_1.fastq,7227.23
864,ERR343544,ERR343544_2.fastq,7227.23
865,ERR343545,ERR343545_1.fastq,6506.64
866,ERR343545,ERR343545_2.fastq,6506.64
867,ERR343550,ERR343550_1.fastq,5049.58
868,ERR343550,ERR343550_2.fastq,5049.58
869,ERR343551,ERR343551_1.fastq,19090.3
870,ERR343551,ERR343551_2.fastq,19090.3
871,ERR343556,ERR343556_1.fastq,7217.66
872,ERR343556,ERR343556_2.fastq,7217.66
873,ERR343557,ERR343557_1.fastq,6500.59
874,ERR343557,ERR343557_2.fastq,6500.59
875,ERR343565,ERR343565_1.fastq,5742.37
876,ERR343565,ERR343565_2.fastq,5742.37
877,ERR343577,ERR343577_1.fastq,5724.98
878,ERR343577,ERR343577_2.fastq,5724.98
879,ERR343664,ERR343664_1.fastq,3617.43
880,ERR343664,ERR343664_2.fastq,3617.43
881,ERR343676,ERR343676_1.fastq,3623.86
882,ERR343676,ERR343676_2.fastq,3623.86
883,ERR372353,ERR372353_1.fastq,8.16
884,ERR372354,ERR372354_1.fastq,5.26
885,ERR372355,ERR372355_1.fastq,7.41
886,ERR969522,ERR969522_1.fastq,13164.22
887,ERR969522,ERR969522_2.fastq,13164.22
888,SRR10810002,SRR10810002_1.fastq,16644.66
889,SRR10810002,SRR10810002_2.fastq,16644.66
890,SRR10810003,SRR10810003_1.fastq,14999.53
891,SRR10810003,SRR10810003_2.fastq,14999.53
892,SRR10810004,SRR10810004_1.fastq,15188.62
893,SRR10810004,SRR10810004_2.fastq,15188.62
894,SRR10810005,SRR10810005_1.fastq,17750.61
895,SRR10810005,SRR10810005_2.fastq,17750.61
896,SRR10810006,SRR10810006_1.fastq,15574.54
897,SRR10810006,SRR10810006_2.fastq,15574.54
898,SRR10810007,SRR10810007_1.fastq,15469.36
899,SRR10810007,SRR10810007_2.fastq,15469.36
900,SRR10810008,SRR10810008_1.fastq,12914.55
901,SRR10810008,SRR10810008_2.fastq,12914.55
902,SRR10810009,SRR10810009_1.fastq,14553.25
903,SRR10810009,SRR10810009_2.fastq,14553.25
904,SRR10810010,SRR10810010_1.fastq,13762.84
905,SRR10810010,SRR10810010_2.fastq,13762.84
906,SRR10810011,SRR10810011_1.fastq,15286.34
907,SRR10810011,SRR10810011_2.fastq,15286.34
908,SRR10810012,SRR10810012_1.fastq,13662.58
909,SRR10810012,SRR10810012_2.fastq,13662.58
910,SRR10810013,SRR10810013_1.fastq,14880.25
911,SRR10810013,SRR10810013_2.fastq,14880.25
912,SRR10810014,SRR10810014_1.fastq,14745.74
913,SRR10810014,SRR10810014_2.fastq,14745.74
914,SRR10810015,SRR10810015_1.fastq,13663.24
915,SRR10810015,SRR10810015_2.fastq,13663.24
916,SRR10810016,SRR10810016_1.fastq,12295.89
917,SRR10810016,SRR10810016_2.fastq,12295.89
918,SRR10810017,SRR10810017_1.fastq,14276.21
919,SRR10810017,SRR10810017_2.fastq,14276.21
920,SRR10810018,SRR10810018_1.fastq,18032.09
921,SRR10810018,SRR10810018_2.fastq,18032.09
922,SRR10810019,SRR10810019_1.fastq,13485.12
923,SRR10810019,SRR10810019_2.fastq,13485.12
924,SRR10810020,SRR10810020_1.fastq,14149.92
925,SRR10810020,SRR10810020_2.fastq,14149.92
926,SRR10810021,SRR10810021_1.fastq,12864.57
927,SRR10810021,SRR10810021_2.fastq,12864.57
928,SRR10810022,SRR10810022_1.fastq,13348.41
929,SRR10810022,SRR10810022_2.fastq,13348.41
930,SRR10810023,SRR10810023_1.fastq,14419.51
931,SRR10810023,SRR10810023_2.fastq,14419.51
932,SRR10810024,SRR10810024_1.fastq,13034.69
933,SRR10810024,SRR10810024_2.fastq,13034.69
934,SRR10810025,SRR10810025_1.fastq,14138.41
935,SRR10810025,SRR10810025_2.fastq,14138.41
936,SRR10810026,SRR10810026_1.fastq,15342.44
937,SRR10810026,SRR10810026_2.fastq,15342.44
938,SRR10810027,SRR10810027_1.fastq,13546.59
939,SRR10810027,SRR10810027_2.fastq,13546.59
940,SRR10810028,SRR10810028_1.fastq,14473.97
941,SRR10810028,SRR10810028_2.fastq,14473.97
942,SRR10810029,SRR10810029_1.fastq,18255.46
943,SRR10810029,SRR10810029_2.fastq,18255.46
944,SRR10810030,SRR10810030_1.fastq,12480.41
945,SRR10810030,SRR10810030_2.fastq,12480.41
946,SRR10810031,SRR10810031_1.fastq,14068.91
947,SRR10810031,SRR10810031_2.fastq,14068.91
948,SRR10810032,SRR10810032_1.fastq,15303.52
949,SRR10810032,SRR10810032_2.fastq,15303.52
950,SRR10810033,SRR10810033_1.fastq,13098.25
951,SRR10810033,SRR10810033_2.fastq,13098.25
952,SRR10810034,SRR10810034_1.fastq,8108.29
953,SRR10810034,SRR10810034_2.fastq,8108.29
954,SRR10810035,SRR10810035_1.fastq,13651.18
955,SRR10810035,SRR10810035_2.fastq,13651.18
956,SRR10810036,SRR10810036_1.fastq,16257.47
957,SRR10810036,SRR10810036_2.fastq,16257.47
958,SRR10810037,SRR10810037_1.fastq,15672.85
959,SRR10810037,SRR10810037_2.fastq,15672.85
960,SRR10810038,SRR10810038_1.fastq,16553.86
961,SRR10810038,SRR10810038_2.fastq,16553.86
962,SRR10810039,SRR10810039_1.fastq,16072.04
963,SRR10810039,SRR10810039_2.fastq,16072.04
964,SRR10810040,SRR10810040_1.fastq,16449.28
965,SRR10810040,SRR10810040_2.fastq,16449.28
966,SRR10810041,SRR10810041_1.fastq,16145.02
967,SRR10810041,SRR10810041_2.fastq,16145.02
968,SRR10838798,SRR10838798_1.fastq,18116.48
969,SRR10838798,SRR10838798_2.fastq,17994.22
970,SRR10914154,SRR10914154_1.fastq,17875.19
971,SRR10914154,SRR10914154_2.fastq,17875.19
972,SRR10914155,SRR10914155_1.fastq,19317.99
973,SRR10914155,SRR10914155_2.fastq,19317.99
974,SRR10914156,SRR10914156_1.fastq,15205.44
975,SRR10914156,SRR10914156_2.fastq,15205.44
976,SRR10914157,SRR10914157_1.fastq,15383.97
977,SRR10914157,SRR10914157_2.fastq,15383.97
978,SRR10914158,SRR10914158_1.fastq,19658.24
979,SRR10914158,SRR10914158_2.fastq,19658.24
980,SRR10914159,SRR10914159_1.fastq,19295.49
981,SRR10914159,SRR10914159_2.fastq,19295.49
982,SRR10914160,SRR10914160_1.fastq,16363.41
983,SRR10914160,SRR10914160_2.fastq,16363.41
984,SRR10914161,SRR10914161_1.fastq,19610.93
985,SRR10914161,SRR10914161_2.fastq,19610.93
986,SRR10914162,SRR10914162_1.fastq,16563.2
987,SRR10914162,SRR10914162_2.fastq,16563.2
988,SRR10914163,SRR10914163_1.fastq,21681.78
989,SRR10914163,SRR10914163_2.fastq,21681.78
990,SRR10914164,SRR10914164_1.fastq,18719.94
991,SRR10914164,SRR10914164_2.fastq,18719.94
992,SRR10914165,SRR10914165_1.fastq,17249.13
993,SRR10914165,SRR10914165_2.fastq,17249.13
994,SRR11267042,SRR11267042_1.fastq,12826.84
995,SRR11267042,SRR11267042_2.fastq,12826.84
996,SRR11267043,SRR11267043_1.fastq,13320.36
997,SRR11267043,SRR11267043_2.fastq,13320.36
998,SRR11267044,SRR11267044_1.fastq,13066.6
999,SRR11267044,SRR11267044_2.fastq,13066.6
1000,SRR11267045,SRR11267045_1.fastq,16617.72
1001,SRR11267045,SRR11267045_2.fastq,16617.72
1002,SRR11267046,SRR11267046_1.fastq,16479.75
1003,SRR11267046,SRR11267046_2.fastq,16479.75
1004,SRR11267047,SRR11267047_1.fastq,14551.2
1005,SRR11267047,SRR11267047_2.fastq,14551.2
1006,SRR11267048,SRR11267048_1.fastq,17510.07
1007,SRR11267048,SRR11267048_2.fastq,17510.07
1008,SRR11267049,SRR11267049_1.fastq,19660.72
1009,SRR11267049,SRR11267049_2.fastq,19660.72
1010,SRR11267050,SRR11267050_1.fastq,21331.25
1011,SRR11267050,SRR11267050_2.fastq,21331.25
1012,SRR11267051,SRR11267051_1.fastq,16520.04
1013,SRR11267051,SRR11267051_2.fastq,16520.04
1014,SRR11267052,SRR11267052_1.fastq,16105.7
1015,SRR11267052,SRR11267052_2.fastq,16105.7
1016,SRR11267053,SRR11267053_1.fastq,18145.9
1017,SRR11267053,SRR11267053_2.fastq,18145.9
1018,SRR11267054,SRR11267054_1.fastq,13424.0
1019,SRR11267054,SRR11267054_2.fastq,13424.0
1020,SRR11267055,SRR11267055_1.fastq,16960.01
1021,SRR11267055,SRR11267055_2.fastq,16960.01
1022,SRR11267056,SRR11267056_1.fastq,17736.7
1023,SRR11267056,SRR11267056_2.fastq,17736.7
1024,SRR11267057,SRR11267057_1.fastq,14997.16
1025,SRR11267057,SRR11267057_2.fastq,14997.16
1026,SRR11267058,SRR11267058_1.fastq,15528.01
1027,SRR11267058,SRR11267058_2.fastq,15528.01
1028,SRR11267059,SRR11267059_1.fastq,16795.54
1029,SRR11267059,SRR11267059_2.fastq,16795.54
1030,SRR11267060,SRR11267060_1.fastq,19072.41
1031,SRR11267060,SRR11267060_2.fastq,19072.41
1032,SRR11267061,SRR11267061_1.fastq,19280.26
1033,SRR11267061,SRR11267061_2.fastq,19280.26
1034,SRR11267062,SRR11267062_1.fastq,19491.08
1035,SRR11267062,SRR11267062_2.fastq,19491.08
1036,SRR11267063,SRR11267063_1.fastq,18168.81
1037,SRR11267063,SRR11267063_2.fastq,18168.81
1038,SRR11267064,SRR11267064_1.fastq,14456.57
1039,SRR11267064,SRR11267064_2.fastq,14456.57
1040,SRR11267065,SRR11267065_1.fastq,14339.95
1041,SRR11267065,SRR11267065_2.fastq,14339.95
1042,SRR11267066,SRR11267066_1.fastq,15849.66
1043,SRR11267066,SRR11267066_2.fastq,15849.66
1044,SRR11267067,SRR11267067_1.fastq,19790.49
1045,SRR11267067,SRR11267067_2.fastq,19790.49
1046,SRR11267068,SRR11267068_1.fastq,15531.99
1047,SRR11267068,SRR11267068_2.fastq,15531.99
1048,SRR11267069,SRR11267069_1.fastq,13862.82
1049,SRR11267069,SRR11267069_2.fastq,13862.82
1050,SRR11267070,SRR11267070_1.fastq,20817.48
1051,SRR11267070,SRR11267070_2.fastq,20817.48
1052,SRR11267071,SRR11267071_1.fastq,16382.57
1053,SRR11267071,SRR11267071_2.fastq,16382.57
1054,SRR11267072,SRR11267072_1.fastq,15165.57
1055,SRR11267072,SRR11267072_2.fastq,15165.57
1056,SRR11267073,SRR11267073_1.fastq,16354.21
1057,SRR11267073,SRR11267073_2.fastq,16354.21
1058,SRR11267074,SRR11267074_1.fastq,18285.88
1059,SRR11267074,SRR11267074_2.fastq,18285.88
1060,SRR11267075,SRR11267075_1.fastq,18800.2
1061,SRR11267075,SRR11267075_2.fastq,18800.2
1062,SRR11267076,SRR11267076_1.fastq,16092.1
1063,SRR11267076,SRR11267076_2.fastq,16092.1
1064,SRR11267077,SRR11267077_1.fastq,12543.26
1065,SRR11267077,SRR11267077_2.fastq,12543.26
1066,SRR11267078,SRR11267078_1.fastq,14796.66
1067,SRR11267078,SRR11267078_2.fastq,14796.66
1068,SRR11267079,SRR11267079_1.fastq,15424.12
1069,SRR11267079,SRR11267079_2.fastq,15424.12
1070,SRR11267080,SRR11267080_1.fastq,15746.28
1071,SRR11267080,SRR11267080_2.fastq,15746.28
1072,SRR11267081,SRR11267081_1.fastq,12623.71
1073,SRR11267081,SRR11267081_2.fastq,12623.71
1074,SRR12097444,SRR12097444_1.fastq,11914.15
1075,SRR12097444,SRR12097444_2.fastq,11914.15
1076,SRR12097445,SRR12097445_1.fastq,10955.0
1077,SRR12097445,SRR12097445_2.fastq,10955.0
1078,SRR12097446,SRR12097446_1.fastq,11524.24
1079,SRR12097446,SRR12097446_2.fastq,11524.24
1080,SRR12097447,SRR12097447_1.fastq,12641.13
1081,SRR12097447,SRR12097447_2.fastq,12641.13
1082,SRR12180935,SRR12180935_1.fastq,16381.5
1083,SRR12180935,SRR12180935_2.fastq,16381.5
1084,SRR12180936,SRR12180936_1.fastq,3925.25
1085,SRR12180936,SRR12180936_2.fastq,5212.66
1086,SRR12180937,SRR12180937_1.fastq,15909.1
1087,SRR12180937,SRR12180937_2.fastq,15909.1
1088,SRR12180938,SRR12180938_1.fastq,20197.46
1089,SRR12180938,SRR12180938_2.fastq,20197.46
1090,SRR12180939,SRR12180939_1.fastq,16784.51
1091,SRR12180939,SRR12180939_2.fastq,16784.51
1092,SRR12180940,SRR12180940_1.fastq,13705.51
1093,SRR12180940,SRR12180940_2.fastq,13705.51
1094,SRR12180941,SRR12180941_1.fastq,16612.84
1095,SRR12180941,SRR12180941_2.fastq,16612.84
1096,SRR12180942,SRR12180942_1.fastq,13123.89
1097,SRR12180942,SRR12180942_2.fastq,13123.89
1098,SRR12180943,SRR12180943_1.fastq,13620.39
1099,SRR12180943,SRR12180943_2.fastq,13620.39
1100,SRR12180944,SRR12180944_1.fastq,15520.22
1101,SRR12180944,SRR12180944_2.fastq,15520.22
1102,SRR12180945,SRR12180945_1.fastq,10128.79
1103,SRR12180945,SRR12180945_2.fastq,10128.79
1104,SRR12180946,SRR12180946_1.fastq,18916.47
1105,SRR12180946,SRR12180946_2.fastq,18916.47
1106,SRR12180947,SRR12180947_1.fastq,16770.59
1107,SRR12180947,SRR12180947_2.fastq,16770.59
1108,SRR12180948,SRR12180948_1.fastq,18063.11
1109,SRR12180948,SRR12180948_2.fastq,18063.11
1110,SRR12180949,SRR12180949_1.fastq,18260.54
1111,SRR12180949,SRR12180949_2.fastq,18260.54
1112,SRR12180950,SRR12180950_1.fastq,17137.42
1113,SRR12180950,SRR12180950_2.fastq,17137.42
1114,SRR12180951,SRR12180951_1.fastq,11930.46
1115,SRR12180951,SRR12180951_2.fastq,11930.46
1116,SRR12180952,SRR12180952_1.fastq,13350.71
1117,SRR12180952,SRR12180952_2.fastq,13350.71
1118,SRR12180953,SRR12180953_1.fastq,17360.92
1119,SRR12180953,SRR12180953_2.fastq,17360.92
1120,SRR12180954,SRR12180954_1.fastq,6992.53
1121,SRR12180954,SRR12180954_2.fastq,10422.77
1122,SRR12180955,SRR12180955_1.fastq,17409.76
1123,SRR12180955,SRR12180955_2.fastq,17409.76
1124,SRR12180956,SRR12180956_1.fastq,10704.34
1125,SRR12180956,SRR12180956_2.fastq,10704.34
1126,SRR12180957,SRR12180957_1.fastq,14565.72
1127,SRR12180957,SRR12180957_2.fastq,14565.72
1128,SRR12180958,SRR12180958_1.fastq,21404.14
1129,SRR12180958,SRR12180958_2.fastq,21404.14
1130,SRR12180959,SRR12180959_1.fastq,16974.5
1131,SRR12180959,SRR12180959_2.fastq,16974.5
1132,SRR12180960,SRR12180960_1.fastq,16958.53
1133,SRR12180960,SRR12180960_2.fastq,16958.53
1134,SRR12180961,SRR12180961_1.fastq,23378.38
1135,SRR12180961,SRR12180961_2.fastq,23378.38
1136,SRR12180962,SRR12180962_1.fastq,6286.57
1137,SRR12180962,SRR12180962_2.fastq,6266.57
1138,SRR12180963,SRR12180963_1.fastq,16689.0
1139,SRR12180963,SRR12180963_2.fastq,16689.0
1140,SRR12180964,SRR12180964_1.fastq,10825.17
1141,SRR12180964,SRR12180964_2.fastq,10825.17
1142,SRR12180965,SRR12180965_1.fastq,15941.23
1143,SRR12180965,SRR12180965_2.fastq,15941.23
1144,SRR12180966,SRR12180966_1.fastq,12227.53
1145,SRR12180966,SRR12180966_2.fastq,12227.53
1146,SRR12180967,SRR12180967_1.fastq,13390.02
1147,SRR12180967,SRR12180967_2.fastq,13390.02
1148,SRR12180968,SRR12180968_1.fastq,13838.25
1149,SRR12180968,SRR12180968_2.fastq,13838.25
1150,SRR12180969,SRR12180969_1.fastq,9517.63
1151,SRR12180969,SRR12180969_2.fastq,9517.63
1152,SRR12180970,SRR12180970_1.fastq,15155.02
1153,SRR12180970,SRR12180970_2.fastq,15155.02
1154,SRR12180971,SRR12180971_1.fastq,15552.84
1155,SRR12180971,SRR12180971_2.fastq,15552.84
1156,SRR12180972,SRR12180972_1.fastq,4817.64
1157,SRR12180972,SRR12180972_2.fastq,14537.7
1158,SRR12180973,SRR12180973_1.fastq,11193.89
1159,SRR12180973,SRR12180973_2.fastq,11193.89
1160,SRR12180974,SRR12180974_1.fastq,12109.32
1161,SRR12180974,SRR12180974_2.fastq,12109.32
1162,SRR12180975,SRR12180975_1.fastq,11773.26
1163,SRR12180975,SRR12180975_2.fastq,11773.26
1164,SRR12180976,SRR12180976_1.fastq,12797.48
1165,SRR12180976,SRR12180976_2.fastq,12797.48
1166,SRR12180977,SRR12180977_1.fastq,13469.55
1167,SRR12180977,SRR12180977_2.fastq,13469.55
1168,SRR12180978,SRR12180978_1.fastq,12510.01
1169,SRR12180978,SRR12180978_2.fastq,12510.01
1170,SRR12180979,SRR12180979_1.fastq,14099.7
1171,SRR12180979,SRR12180979_2.fastq,14099.7
1172,SRR12180980,SRR12180980_1.fastq,12878.15
1173,SRR12180980,SRR12180980_2.fastq,12878.15
1174,SRR12180981,SRR12180981_1.fastq,13641.17
1175,SRR12180981,SRR12180981_2.fastq,13641.17
1176,SRR12180982,SRR12180982_1.fastq,16188.48
1177,SRR12180982,SRR12180982_2.fastq,16188.48
1178,SRR12180983,SRR12180983_1.fastq,12060.35
1179,SRR12180983,SRR12180983_2.fastq,12060.35
1180,SRR12180984,SRR12180984_1.fastq,15434.71
1181,SRR12180984,SRR12180984_2.fastq,15434.71
1182,SRR12180985,SRR12180985_1.fastq,11951.76
1183,SRR12180985,SRR12180985_2.fastq,11951.76
1184,SRR12180986,SRR12180986_1.fastq,12088.97
1185,SRR12180986,SRR12180986_2.fastq,12088.97
1186,SRR12180987,SRR12180987_1.fastq,18765.25
1187,SRR12180987,SRR12180987_2.fastq,18765.25
1188,SRR12180988,SRR12180988_1.fastq,13481.41
1189,SRR12180988,SRR12180988_2.fastq,13481.41
1190,SRR12180989,SRR12180989_1.fastq,13795.08
1191,SRR12180989,SRR12180989_2.fastq,13795.08
1192,SRR12180990,SRR12180990_1.fastq,11257.34
1193,SRR12180990,SRR12180990_2.fastq,11257.34
1194,SRR12180991,SRR12180991_1.fastq,13149.48
1195,SRR12180991,SRR12180991_2.fastq,13149.48
1196,SRR12180992,SRR12180992_1.fastq,13415.39
1197,SRR12180992,SRR12180992_2.fastq,13415.39
1198,SRR12180993,SRR12180993_1.fastq,15819.07
1199,SRR12180993,SRR12180993_2.fastq,15819.07
1200,SRR12180994,SRR12180994_1.fastq,11817.94
1201,SRR12180994,SRR12180994_2.fastq,11817.94
1202,SRR12180995,SRR12180995_1.fastq,12755.88
1203,SRR12180995,SRR12180995_2.fastq,12755.88
1204,SRR12180996,SRR12180996_1.fastq,11476.05
1205,SRR12180996,SRR12180996_2.fastq,11476.05
1206,SRR12180997,SRR12180997_1.fastq,14180.61
1207,SRR12180997,SRR12180997_2.fastq,14180.61
1208,SRR12180998,SRR12180998_1.fastq,12278.4
1209,SRR12180998,SRR12180998_2.fastq,12278.4
1210,SRR12180999,SRR12180999_1.fastq,13424.35
1211,SRR12180999,SRR12180999_2.fastq,13424.35
1212,SRR12181000,SRR12181000_1.fastq,11686.55
1213,SRR12181000,SRR12181000_2.fastq,11686.55
1214,SRR12181001,SRR12181001_1.fastq,12906.13
1215,SRR12181001,SRR12181001_2.fastq,12906.13
1216,SRR12181002,SRR12181002_1.fastq,11433.44
1217,SRR12181002,SRR12181002_2.fastq,11433.44
1218,SRR12181003,SRR12181003_1.fastq,16704.68
1219,SRR12181003,SRR12181003_2.fastq,16704.68
1220,SRR12181004,SRR12181004_1.fastq,13184.43
1221,SRR12181004,SRR12181004_2.fastq,13184.43
1222,SRR12181005,SRR12181005_1.fastq,11258.33
1223,SRR12181005,SRR12181005_2.fastq,11258.33
1224,SRR12181006,SRR12181006_1.fastq,22970.02
1225,SRR12181006,SRR12181006_2.fastq,22970.02
1226,SRR12181007,SRR12181007_1.fastq,7609.02
1227,SRR12181007,SRR12181007_2.fastq,7609.02
1228,SRR12181008,SRR12181008_1.fastq,17665.19
1229,SRR12181008,SRR12181008_2.fastq,17665.19
1230,SRR12181009,SRR12181009_1.fastq,13158.96
1231,SRR12181009,SRR12181009_2.fastq,13158.96
1232,SRR12181010,SRR12181010_1.fastq,11504.5
1233,SRR12181010,SRR12181010_2.fastq,11504.5
1234,SRR12181011,SRR12181011_1.fastq,9177.07
1235,SRR12181011,SRR12181011_2.fastq,9177.07
1236,SRR12181012,SRR12181012_1.fastq,16779.27
1237,SRR12181012,SRR12181012_2.fastq,16779.27
1238,SRR12181013,SRR12181013_1.fastq,10896.8
1239,SRR12181013,SRR12181013_2.fastq,10896.8
1240,SRR12181014,SRR12181014_1.fastq,13077.62
1241,SRR12181014,SRR12181014_2.fastq,13077.62
1242,SRR12181015,SRR12181015_1.fastq,14717.27
1243,SRR12181015,SRR12181015_2.fastq,14717.27
1244,SRR12181016,SRR12181016_1.fastq,10158.0
1245,SRR12181016,SRR12181016_2.fastq,10158.0
1246,SRR12181017,SRR12181017_1.fastq,15399.78
1247,SRR12181017,SRR12181017_2.fastq,15399.78
1248,SRR12181018,SRR12181018_1.fastq,16945.79
1249,SRR12181018,SRR12181018_2.fastq,16945.79
1250,SRR12181019,SRR12181019_1.fastq,12407.21
1251,SRR12181019,SRR12181019_2.fastq,12407.21
1252,SRR12181020,SRR12181020_1.fastq,6087.88
1253,SRR12181020,SRR12181020_2.fastq,12218.15
1254,SRR12181021,SRR12181021_1.fastq,10321.35
1255,SRR12181021,SRR12181021_2.fastq,10321.35
1256,SRR12181022,SRR12181022_1.fastq,13694.68
1257,SRR12181022,SRR12181022_2.fastq,13694.68
1258,SRR12181023,SRR12181023_1.fastq,10763.56
1259,SRR12181023,SRR12181023_2.fastq,10763.56
1260,SRR12181024,SRR12181024_1.fastq,12356.14
1261,SRR12181024,SRR12181024_2.fastq,12356.14
1262,SRR12181025,SRR12181025_1.fastq,21497.49
1263,SRR12181025,SRR12181025_2.fastq,21497.49
1264,SRR12181026,SRR12181026_1.fastq,12223.46
1265,SRR12181026,SRR12181026_2.fastq,18356.38
1266,SRR12181027,SRR12181027_1.fastq,12198.38
1267,SRR12181027,SRR12181027_2.fastq,12198.38
1268,SRR12181028,SRR12181028_1.fastq,13004.49
1269,SRR12181028,SRR12181028_2.fastq,13004.49
1270,SRR12181029,SRR12181029_1.fastq,11090.88
1271,SRR12181029,SRR12181029_2.fastq,11090.88
1272,SRR12181030,SRR12181030_1.fastq,8182.57
1273,SRR12181030,SRR12181030_2.fastq,8182.57
1274,SRR12181031,SRR12181031_1.fastq,15280.44
1275,SRR12181031,SRR12181031_2.fastq,15280.44
1276,SRR12181032,SRR12181032_1.fastq,10297.23
1277,SRR12181032,SRR12181032_2.fastq,10297.23
1278,SRR12181033,SRR12181033_1.fastq,14604.05
1279,SRR12181033,SRR12181033_2.fastq,14604.05
1280,SRR12181034,SRR12181034_1.fastq,12030.1
1281,SRR12181034,SRR12181034_2.fastq,12030.1
1282,SRR12181035,SRR12181035_1.fastq,14451.44
1283,SRR12181035,SRR12181035_2.fastq,14451.44
1284,SRR12181036,SRR12181036_1.fastq,11478.35
1285,SRR12181036,SRR12181036_2.fastq,11478.35
1286,SRR12181037,SRR12181037_1.fastq,12774.84
1287,SRR12181037,SRR12181037_2.fastq,12774.84
1288,SRR12181038,SRR12181038_1.fastq,12024.92
1289,SRR12181038,SRR12181038_2.fastq,12024.92
1290,SRR12181039,SRR12181039_1.fastq,14920.89
1291,SRR12181039,SRR12181039_2.fastq,14920.89
1292,SRR12181040,SRR12181040_1.fastq,13701.89
1293,SRR12181040,SRR12181040_2.fastq,13701.89
1294,SRR12181041,SRR12181041_1.fastq,14017.6
1295,SRR12181041,SRR12181041_2.fastq,14017.6
1296,SRR12181042,SRR12181042_1.fastq,13546.63
1297,SRR12181042,SRR12181042_2.fastq,13546.63
1298,SRR12181043,SRR12181043_1.fastq,10821.76
1299,SRR12181043,SRR12181043_2.fastq,10821.76
1300,SRR12181044,SRR12181044_1.fastq,9373.06
1301,SRR12181044,SRR12181044_2.fastq,9373.06
1302,SRR12181045,SRR12181045_1.fastq,14922.87
1303,SRR12181045,SRR12181045_2.fastq,14922.87
1304,SRR12181046,SRR12181046_1.fastq,12652.61
1305,SRR12181046,SRR12181046_2.fastq,12652.61
1306,SRR12181047,SRR12181047_1.fastq,12333.33
1307,SRR12181047,SRR12181047_2.fastq,12333.33
1308,SRR12181048,SRR12181048_1.fastq,11030.45
1309,SRR12181048,SRR12181048_2.fastq,11030.45
1310,SRR12181049,SRR12181049_1.fastq,18415.44
1311,SRR12181049,SRR12181049_2.fastq,18415.44
1312,SRR12181050,SRR12181050_1.fastq,15177.34
1313,SRR12181050,SRR12181050_2.fastq,15177.34
1314,SRR12181051,SRR12181051_1.fastq,14076.37
1315,SRR12181051,SRR12181051_2.fastq,14076.37
1316,SRR12181052,SRR12181052_1.fastq,15651.77
1317,SRR12181052,SRR12181052_2.fastq,15651.77
1318,SRR12181053,SRR12181053_1.fastq,18297.36
1319,SRR12181053,SRR12181053_2.fastq,18297.36
1320,SRR12181054,SRR12181054_1.fastq,17192.85
1321,SRR12181054,SRR12181054_2.fastq,17192.85
1322,SRR12181055,SRR12181055_1.fastq,14310.46
1323,SRR12181055,SRR12181055_2.fastq,14310.46
1324,SRR12181056,SRR12181056_1.fastq,18867.21
1325,SRR12181056,SRR12181056_2.fastq,18867.21
1326,SRR12181057,SRR12181057_1.fastq,11270.49
1327,SRR12181057,SRR12181057_2.fastq,11270.49
1328,SRR12181058,SRR12181058_1.fastq,11571.29
1329,SRR12181058,SRR12181058_2.fastq,11571.29
1330,SRR12181059,SRR12181059_1.fastq,16344.28
1331,SRR12181059,SRR12181059_2.fastq,16344.28
1332,SRR13256637,SRR13256637_1.fastq,188.87
1333,SRR13256637,SRR13256637_2.fastq,240.04
1334,SRR13256638,SRR13256638_1.fastq,186.74
1335,SRR13256638,SRR13256638_2.fastq,255.13
1336,SRR13256639,SRR13256639_1.fastq,271.78
1337,SRR13256639,SRR13256639_2.fastq,353.22
1338,SRR13256640,SRR13256640_1.fastq,184.64
1339,SRR13256640,SRR13256640_2.fastq,238.92
1340,SRR13256641,SRR13256641_1.fastq,241.59
1341,SRR13256641,SRR13256641_2.fastq,329.2
1342,SRR13256642,SRR13256642_1.fastq,180.84
1343,SRR13256642,SRR13256642_2.fastq,233.41
1344,SRR13256643,SRR13256643_1.fastq,189.46
1345,SRR13256643,SRR13256643_2.fastq,242.49
1346,SRR13256644,SRR13256644_1.fastq,173.74
1347,SRR13256644,SRR13256644_2.fastq,229.26
1348,SRR13256645,SRR13256645_1.fastq,176.92
1349,SRR13256645,SRR13256645_2.fastq,256.14
1350,SRR13256646,SRR13256646_1.fastq,210.95
1351,SRR13256646,SRR13256646_2.fastq,270.13
1352,SRR13256647,SRR13256647_1.fastq,158.34
1353,SRR13256647,SRR13256647_2.fastq,208.5
1354,SRR13256648,SRR13256648_1.fastq,179.04
1355,SRR13256648,SRR13256648_2.fastq,206.94
1356,SRR13256649,SRR13256649_1.fastq,240.34
1357,SRR13256649,SRR13256649_2.fastq,266.03
1358,SRR13256650,SRR13256650_1.fastq,223.82
1359,SRR13256650,SRR13256650_2.fastq,252.5
1360,SRR13256651,SRR13256651_1.fastq,231.02
1361,SRR13256651,SRR13256651_2.fastq,256.41
1362,SRR13256652,SRR13256652_1.fastq,219.58
1363,SRR13256652,SRR13256652_2.fastq,245.65
1364,SRR13256653,SRR13256653_1.fastq,246.31
1365,SRR13256653,SRR13256653_2.fastq,269.96
1366,SRR13256654,SRR13256654_1.fastq,233.1
1367,SRR13256654,SRR13256654_2.fastq,258.7
1368,SRR13256655,SRR13256655_1.fastq,210.79
1369,SRR13256655,SRR13256655_2.fastq,231.49
1370,SRR13256656,SRR13256656_1.fastq,236.83
1371,SRR13256656,SRR13256656_2.fastq,258.66
1372,SRR13256657,SRR13256657_1.fastq,212.08
1373,SRR13256657,SRR13256657_2.fastq,233.42
1374,SRR13256658,SRR13256658_1.fastq,192.1
1375,SRR13256658,SRR13256658_2.fastq,266.62
1376,SRR13256659,SRR13256659_1.fastq,210.9
1377,SRR13256659,SRR13256659_2.fastq,232.16
1378,SRR13256660,SRR13256660_1.fastq,236.27
1379,SRR13256660,SRR13256660_2.fastq,257.32
1380,SRR13256661,SRR13256661_1.fastq,212.49
1381,SRR13256661,SRR13256661_2.fastq,230.08
1382,SRR13256662,SRR13256662_1.fastq,221.51
1383,SRR13256662,SRR13256662_2.fastq,238.53
1384,SRR13256663,SRR13256663_1.fastq,147.31
1385,SRR13256663,SRR13256663_2.fastq,189.0
1386,SRR13256664,SRR13256664_1.fastq,220.26
1387,SRR13256664,SRR13256664_2.fastq,239.15
1388,SRR13256665,SRR13256665_1.fastq,223.05
1389,SRR13256665,SRR13256665_2.fastq,244.48
1390,SRR13256666,SRR13256666_1.fastq,239.97
1391,SRR13256666,SRR13256666_2.fastq,260.77
1392,SRR13256667,SRR13256667_1.fastq,209.6
1393,SRR13256667,SRR13256667_2.fastq,228.28
1394,SRR13256668,SRR13256668_1.fastq,208.03
1395,SRR13256668,SRR13256668_2.fastq,227.92
1396,SRR13256669,SRR13256669_1.fastq,163.0
1397,SRR13256669,SRR13256669_2.fastq,202.87
1398,SRR13256670,SRR13256670_1.fastq,189.72
1399,SRR13256670,SRR13256670_2.fastq,252.22
1400,SRR13256671,SRR13256671_1.fastq,153.26
1401,SRR13256671,SRR13256671_2.fastq,201.26
1402,SRR13256672,SRR13256672_1.fastq,218.64
1403,SRR13256672,SRR13256672_2.fastq,286.63
1404,SRR13256673,SRR13256673_1.fastq,209.43
1405,SRR13256673,SRR13256673_2.fastq,261.89
1406,SRR13256674,SRR13256674_1.fastq,185.05
1407,SRR13256674,SRR13256674_2.fastq,233.46
1408,SRR13256675,SRR13256675_1.fastq,179.93
1409,SRR13256675,SRR13256675_2.fastq,230.05
1410,SRR13256676,SRR13256676_1.fastq,173.5
1411,SRR13256676,SRR13256676_2.fastq,227.82
1412,SRR16972386,SRR16972386_1.fastq,528.96
1413,SRR16972386,SRR16972386_2.fastq,527.11
1414,SRR16972387,SRR16972387_1.fastq,748.68
1415,SRR16972387,SRR16972387_2.fastq,745.82
1416,SRR16972388,SRR16972388_1.fastq,1264.15
1417,SRR16972388,SRR16972388_2.fastq,1253.33
1418,SRR16972389,SRR16972389_1.fastq,1210.24
1419,SRR16972389,SRR16972389_2.fastq,1207.94
1420,SRR16972390,SRR16972390_1.fastq,952.24
1421,SRR16972390,SRR16972390_2.fastq,949.83
1422,SRR16972391,SRR16972391_1.fastq,1862.34
1423,SRR16972391,SRR16972391_2.fastq,1853.54
1424,SRR16972392,SRR16972392_1.fastq,1467.08
1425,SRR16972392,SRR16972392_2.fastq,1462.82
1426,SRR16972393,SRR16972393_1.fastq,1163.67
1427,SRR16972393,SRR16972393_2.fastq,1156.96
1428,SRR16972394,SRR16972394_1.fastq,1500.71
1429,SRR16972394,SRR16972394_2.fastq,1494.62
1430,SRR16972395,SRR16972395_1.fastq,966.54
1431,SRR16972395,SRR16972395_2.fastq,960.76
1432,SRR16972396,SRR16972396_1.fastq,1110.54
1433,SRR16972396,SRR16972396_2.fastq,1106.43
1434,SRR16972397,SRR16972397_1.fastq,1281.74
1435,SRR16972397,SRR16972397_2.fastq,1275.72
1436,SRR16972398,SRR16972398_1.fastq,1614.18
1437,SRR16972398,SRR16972398_2.fastq,1598.29
1438,SRR16972399,SRR16972399_1.fastq,1665.45
1439,SRR16972399,SRR16972399_2.fastq,1664.07
1440,SRR16972400,SRR16972400_1.fastq,259.36
1441,SRR16972400,SRR16972400_2.fastq,258.16
1442,SRR16972401,SRR16972401_1.fastq,1903.76
1443,SRR16972401,SRR16972401_2.fastq,1896.47
1444,SRR16972402,SRR16972402_1.fastq,1645.75
1445,SRR16972402,SRR16972402_2.fastq,1634.11
1446,SRR16972403,SRR16972403_1.fastq,1360.75
1447,SRR16972403,SRR16972403_2.fastq,1358.87
1448,SRR16972404,SRR16972404_1.fastq,1308.97
1449,SRR16972404,SRR16972404_2.fastq,1306.28
1450,SRR16972405,SRR16972405_1.fastq,1074.38
1451,SRR16972405,SRR16972405_2.fastq,1070.42
1452,SRR16972406,SRR16972406_1.fastq,1893.31
1453,SRR16972406,SRR16972406_2.fastq,1885.24
1454,SRR16972407,SRR16972407_1.fastq,692.65
1455,SRR16972407,SRR16972407_2.fastq,690.48
1456,SRR16972408,SRR16972408_1.fastq,1680.22
1457,SRR16972408,SRR16972408_2.fastq,1673.35
1458,SRR16972409,SRR16972409_1.fastq,1743.72
1459,SRR16972409,SRR16972409_2.fastq,1740.58
1460,SRR16972410,SRR16972410_1.fastq,1770.71
1461,SRR16972410,SRR16972410_2.fastq,1764.02
1462,SRR16972411,SRR16972411_1.fastq,1554.73
1463,SRR16972411,SRR16972411_2.fastq,1547.19
1464,SRR16972412,SRR16972412_1.fastq,1324.74
1465,SRR16972412,SRR16972412_2.fastq,1317.86
1466,SRR16972413,SRR16972413_1.fastq,850.08
1467,SRR16972413,SRR16972413_2.fastq,847.54
1468,SRR16972414,SRR16972414_1.fastq,4256.88
1469,SRR16972414,SRR16972414_2.fastq,4238.0
1470,SRR16972415,SRR16972415_1.fastq,1063.36
1471,SRR16972415,SRR16972415_2.fastq,1059.76
1472,SRR16972416,SRR16972416_1.fastq,1538.88
1473,SRR16972416,SRR16972416_2.fastq,1534.71
1474,SRR16972417,SRR16972417_1.fastq,2887.07
1475,SRR16972417,SRR16972417_2.fastq,2877.93
1476,SRR16972418,SRR16972418_1.fastq,1246.77
1477,SRR16972418,SRR16972418_2.fastq,1243.18
1478,SRR16972419,SRR16972419_1.fastq,1830.37
1479,SRR16972419,SRR16972419_2.fastq,1825.29
1480,SRR16972420,SRR16972420_1.fastq,1364.08
1481,SRR16972420,SRR16972420_2.fastq,1358.09
1482,SRR16972421,SRR16972421_1.fastq,848.31
1483,SRR16972421,SRR16972421_2.fastq,845.92
1484,SRR16972422,SRR16972422_1.fastq,1530.63
1485,SRR16972422,SRR16972422_2.fastq,1519.65
1486,SRR16972423,SRR16972423_1.fastq,849.95
1487,SRR16972423,SRR16972423_2.fastq,846.55
1488,SRR16972424,SRR16972424_1.fastq,1678.14
1489,SRR16972424,SRR16972424_2.fastq,1667.65
1490,SRR17134009,SRR17134009_1.fastq,8866.61
1491,SRR17134009,SRR17134009_2.fastq,8866.61
1492,SRR17134010,SRR17134010_1.fastq,5932.05
1493,SRR17134010,SRR17134010_2.fastq,5932.05
1494,SRR17134011,SRR17134011_1.fastq,7872.42
1495,SRR17134011,SRR17134011_2.fastq,7872.42
1496,SRR17134012,SRR17134012_1.fastq,8818.27
1497,SRR17134012,SRR17134012_2.fastq,8818.27
1498,SRR17134013,SRR17134013_1.fastq,7214.14
1499,SRR17134013,SRR17134013_2.fastq,7214.14
1500,SRR17134014,SRR17134014_1.fastq,8709.63
1501,SRR17134014,SRR17134014_2.fastq,8709.63
1502,SRR17188269,SRR17188269_1.fastq,6462.33
1503,SRR17188269,SRR17188269_2.fastq,6462.33
1504,SRR17188270,SRR17188270_1.fastq,7819.16
1505,SRR17188270,SRR17188270_2.fastq,7819.16
1506,SRR17188271,SRR17188271_1.fastq,6906.69
1507,SRR17188271,SRR17188271_2.fastq,6906.69
1508,SRR17188272,SRR17188272_1.fastq,6987.41
1509,SRR17188272,SRR17188272_2.fastq,6987.41
1510,SRR17188273,SRR17188273_1.fastq,6151.73
1511,SRR17188273,SRR17188273_2.fastq,6151.73
1512,SRR17188274,SRR17188274_1.fastq,7790.95
1513,SRR17188274,SRR17188274_2.fastq,7790.95
1514,SRR17188275,SRR17188275_1.fastq,7900.51
1515,SRR17188275,SRR17188275_2.fastq,7900.51
1516,SRR17188276,SRR17188276_1.fastq,6749.69
1517,SRR17188276,SRR17188276_2.fastq,6749.69
1518,SRR17188277,SRR17188277_1.fastq,7078.52
1519,SRR17188277,SRR17188277_2.fastq,7078.52
1520,SRR17188278,SRR17188278_1.fastq,7181.92
1521,SRR17188278,SRR17188278_2.fastq,7181.92
1522,SRR17188279,SRR17188279_1.fastq,7795.46
1523,SRR17188279,SRR17188279_2.fastq,7795.46
1524,SRR17188280,SRR17188280_1.fastq,7697.83
1525,SRR17188280,SRR17188280_2.fastq,7697.83
1526,SRR17188281,SRR17188281_1.fastq,8142.1
1527,SRR17188281,SRR17188281_2.fastq,8142.1
1528,SRR17188282,SRR17188282_1.fastq,7745.25
1529,SRR17188282,SRR17188282_2.fastq,7745.25
1530,SRR17188283,SRR17188283_1.fastq,6397.27
1531,SRR17188283,SRR17188283_2.fastq,6397.27
1532,SRR17188284,SRR17188284_1.fastq,5704.82
1533,SRR17188284,SRR17188284_2.fastq,5704.82
1534,SRR17188285,SRR17188285_1.fastq,6733.46
1535,SRR17188285,SRR17188285_2.fastq,6733.46
1536,SRR17188286,SRR17188286_1.fastq,8540.01
1537,SRR17188286,SRR17188286_2.fastq,8540.01
1538,SRR17188287,SRR17188287_1.fastq,7996.62
1539,SRR17188287,SRR17188287_2.fastq,7996.62
1540,SRR17188288,SRR17188288_1.fastq,7225.69
1541,SRR17188288,SRR17188288_2.fastq,7225.69
1542,SRR17188289,SRR17188289_1.fastq,7269.71
1543,SRR17188289,SRR17188289_2.fastq,7269.71
1544,SRR17188290,SRR17188290_1.fastq,7199.85
1545,SRR17188290,SRR17188290_2.fastq,7199.85
1546,SRR17188291,SRR17188291_1.fastq,8877.84
1547,SRR17188291,SRR17188291_2.fastq,8877.84
1548,SRR17188292,SRR17188292_1.fastq,8199.07
1549,SRR17188292,SRR17188292_2.fastq,8199.07
1550,SRR17188293,SRR17188293_1.fastq,6686.17
1551,SRR17188293,SRR17188293_2.fastq,6686.17
1552,SRR17188294,SRR17188294_1.fastq,5779.26
1553,SRR17188294,SRR17188294_2.fastq,5779.26
1554,SRR17188295,SRR17188295_1.fastq,6855.87
1555,SRR17188295,SRR17188295_2.fastq,5908.22
1556,SRR17188296,SRR17188296_1.fastq,6861.82
1557,SRR17188296,SRR17188296_2.fastq,4636.47
1558,SRR17188297,SRR17188297_1.fastq,6089.11
1559,SRR17188297,SRR17188297_2.fastq,3647.69
1560,SRR17188298,SRR17188298_1.fastq,6951.7
1561,SRR17188298,SRR17188298_2.fastq,525.03
1562,SRR17188299,SRR17188299_1.fastq,7261.87
1563,SRR17188299,SRR17188299_2.fastq,7261.87
1564,SRR17188300,SRR17188300_1.fastq,7589.9
1565,SRR17188300,SRR17188300_2.fastq,7589.9
1566,SRR18079817,SRR18079817_1.fastq,1889.55
1567,SRR18079817,SRR18079817_2.fastq,1869.97
1568,SRR18079818,SRR18079818_1.fastq,3414.01
1569,SRR18079818,SRR18079818_2.fastq,3392.19
1570,SRR18079819,SRR18079819_1.fastq,3062.73
1571,SRR18079819,SRR18079819_2.fastq,3058.75
1572,SRR18079820,SRR18079820_1.fastq,2479.68
1573,SRR18079820,SRR18079820_2.fastq,2467.27
1574,SRR18079821,SRR18079821_1.fastq,2991.49
1575,SRR18079821,SRR18079821_2.fastq,2985.53
1576,SRR18079822,SRR18079822_1.fastq,2903.06
1577,SRR18079822,SRR18079822_2.fastq,2897.6
1578,SRR18079823,SRR18079823_1.fastq,3029.91
1579,SRR18079823,SRR18079823_2.fastq,3022.17
1580,SRR18079824,SRR18079824_1.fastq,3983.68
1581,SRR18079824,SRR18079824_2.fastq,3976.18
1582,SRR18079825,SRR18079825_1.fastq,2192.66
1583,SRR18079825,SRR18079825_2.fastq,2192.82
1584,SRR18079826,SRR18079826_1.fastq,1919.7
1585,SRR18079826,SRR18079826_2.fastq,1920.0
1586,SRR18079827,SRR18079827_1.fastq,2994.03
1587,SRR18079827,SRR18079827_2.fastq,2964.92
1588,SRR18079828,SRR18079828_1.fastq,2149.22
1589,SRR18079828,SRR18079828_2.fastq,2132.7
1590,SRR18079829,SRR18079829_1.fastq,2685.88
1591,SRR18079829,SRR18079829_2.fastq,2677.03
1592,SRR18079830,SRR18079830_1.fastq,2769.4
1593,SRR18079830,SRR18079830_2.fastq,2758.39
1594,SRR5237156,SRR5237156_1.fastq,13132.14
1595,SRR5237156,SRR5237156_2.fastq,13132.14
1596,SRR5990910,SRR5990910_1.fastq,248.22
1597,SRR5990911,SRR5990911_1.fastq,626.14
1598,SRR5990912,SRR5990912_1.fastq,585.46
1599,SRR5990913,SRR5990913_1.fastq,610.05
1600,SRR5990914,SRR5990914_1.fastq,479.58
1601,SRR5990915,SRR5990915_1.fastq,523.23
1602,SRR5990916,SRR5990916_1.fastq,397.66
1603,SRR5990917,SRR5990917_1.fastq,642.36
1604,SRR5990918,SRR5990918_1.fastq,292.36
1605,SRR5990919,SRR5990919_1.fastq,685.86
1606,SRR5990920,SRR5990920_1.fastq,418.9
1607,SRR5990921,SRR5990921_1.fastq,570.17
1608,SRR6033660,SRR6033660_1.fastq,642.36
1609,SRR6033662,SRR6033662_1.fastq,523.23
1610,SRR6033691,SRR6033691_1.fastq,418.9
1611,SRR6033693,SRR6033693_1.fastq,685.86
1612,SRR7287194,SRR7287194_1.fastq,7537.52
1613,SRR7287194,SRR7287194_2.fastq,7537.52
1614,SRR7287195,SRR7287195_1.fastq,6396.15
1615,SRR7287195,SRR7287195_2.fastq,6396.15
1616,SRR7287196,SRR7287196_1.fastq,10572.58
1617,SRR7287196,SRR7287196_2.fastq,10572.58
1618,SRR7287197,SRR7287197_1.fastq,9698.66
1619,SRR7287197,SRR7287197_2.fastq,9698.66
1620,SRR7287198,SRR7287198_1.fastq,8543.35
1621,SRR7287198,SRR7287198_2.fastq,8543.35
1622,SRR7287199,SRR7287199_1.fastq,11276.58
1623,SRR7287199,SRR7287199_2.fastq,11276.58
1624,SRR7287200,SRR7287200_1.fastq,9465.54
1625,SRR7287200,SRR7287200_2.fastq,9465.54
1626,SRR7287201,SRR7287201_1.fastq,10030.32
1627,SRR7287201,SRR7287201_2.fastq,10030.32
1628,SRR7287202,SRR7287202_1.fastq,12139.2
1629,SRR7287202,SRR7287202_2.fastq,12139.2
1630,SRR7287203,SRR7287203_1.fastq,9868.43
1631,SRR7287203,SRR7287203_2.fastq,9868.43
1632,SRR7287204,SRR7287204_1.fastq,11456.65
1633,SRR7287204,SRR7287204_2.fastq,11456.65
1634,SRR7287205,SRR7287205_1.fastq,9460.3
1635,SRR7287205,SRR7287205_2.fastq,9460.3
1636,SRR7287206,SRR7287206_1.fastq,9238.29
1637,SRR7287206,SRR7287206_2.fastq,9238.29
1638,SRR7287207,SRR7287207_1.fastq,11260.07
1639,SRR7287207,SRR7287207_2.fastq,11260.07
1640,SRR7287208,SRR7287208_1.fastq,10098.32
1641,SRR7287208,SRR7287208_2.fastq,10098.32
1642,SRR7287209,SRR7287209_1.fastq,10198.08
1643,SRR7287209,SRR7287209_2.fastq,10198.08
1644,SRR7287210,SRR7287210_1.fastq,8802.44
1645,SRR7287210,SRR7287210_2.fastq,8802.44
1646,SRR7287211,SRR7287211_1.fastq,10463.32
1647,SRR7287211,SRR7287211_2.fastq,10463.32
1648,SRR7287212,SRR7287212_1.fastq,6764.95
1649,SRR7287212,SRR7287212_2.fastq,6764.95
1650,SRR7287213,SRR7287213_1.fastq,7184.41
1651,SRR7287213,SRR7287213_2.fastq,7184.41
1652,SRR7287214,SRR7287214_1.fastq,9732.0
1653,SRR7287214,SRR7287214_2.fastq,9732.0
1654,SRR7287215,SRR7287215_1.fastq,11091.25
1655,SRR7287215,SRR7287215_2.fastq,11091.25
1656,SRR7287216,SRR7287216_1.fastq,10246.16
1657,SRR7287216,SRR7287216_2.fastq,10246.16
1658,SRR7287217,SRR7287217_1.fastq,10748.79
1659,SRR7287217,SRR7287217_2.fastq,10748.79
1660,SRR7287218,SRR7287218_1.fastq,9647.02
1661,SRR7287218,SRR7287218_2.fastq,9647.02
1662,SRR7287219,SRR7287219_1.fastq,11387.64
1663,SRR7287219,SRR7287219_2.fastq,11387.64
1664,SRR7287220,SRR7287220_1.fastq,11065.77
1665,SRR7287220,SRR7287220_2.fastq,11065.77
1666,SRR7287221,SRR7287221_1.fastq,10906.72
1667,SRR7287221,SRR7287221_2.fastq,10906.72
1668,SRR7287222,SRR7287222_1.fastq,12127.19
1669,SRR7287222,SRR7287222_2.fastq,12127.19
1670,SRR7287223,SRR7287223_1.fastq,10716.07
1671,SRR7287223,SRR7287223_2.fastq,10716.07
1672,SRR7287224,SRR7287224_1.fastq,6839.3
1673,SRR7287224,SRR7287224_2.fastq,6839.3
1674,SRR7287225,SRR7287225_1.fastq,5358.78
1675,SRR7287225,SRR7287225_2.fastq,5358.78
1676,SRR7287226,SRR7287226_1.fastq,5449.86
1677,SRR7287226,SRR7287226_2.fastq,5449.86
1678,SRR7287227,SRR7287227_1.fastq,8441.47
1679,SRR7287227,SRR7287227_2.fastq,8441.47
1680,SRR7287228,SRR7287228_1.fastq,9527.21
1681,SRR7287228,SRR7287228_2.fastq,9527.21
1682,SRR7287229,SRR7287229_1.fastq,10241.27
1683,SRR7287229,SRR7287229_2.fastq,10241.27
1684,SRR7287230,SRR7287230_1.fastq,8414.77
1685,SRR7287230,SRR7287230_2.fastq,8414.77
1686,SRR7287231,SRR7287231_1.fastq,9113.58
1687,SRR7287231,SRR7287231_2.fastq,9113.58
1688,SRR7287232,SRR7287232_1.fastq,10462.73
1689,SRR7287232,SRR7287232_2.fastq,10462.73
1690,SRR7287233,SRR7287233_1.fastq,10440.95
1691,SRR7287233,SRR7287233_2.fastq,10440.95
1692,SRR7287234,SRR7287234_1.fastq,5028.46
1693,SRR7287234,SRR7287234_2.fastq,5028.46
1694,SRR7287235,SRR7287235_1.fastq,5510.95
1695,SRR7287235,SRR7287235_2.fastq,5510.95
1696,SRR7287236,SRR7287236_1.fastq,10064.87
1697,SRR7287236,SRR7287236_2.fastq,10064.87
1698,SRR7287237,SRR7287237_1.fastq,9737.97
1699,SRR7287237,SRR7287237_2.fastq,9737.97
1700,SRR7287238,SRR7287238_1.fastq,9423.24
1701,SRR7287238,SRR7287238_2.fastq,9423.24
1702,SRR7287239,SRR7287239_1.fastq,9909.43
1703,SRR7287239,SRR7287239_2.fastq,9909.43
1704,SRR7287240,SRR7287240_1.fastq,11126.05
1705,SRR7287240,SRR7287240_2.fastq,11126.05
1706,SRR7287241,SRR7287241_1.fastq,10254.26
1707,SRR7287241,SRR7287241_2.fastq,10254.26
1708,SRR7287242,SRR7287242_1.fastq,8875.49
1709,SRR7287242,SRR7287242_2.fastq,8875.49
1710,SRR7287243,SRR7287243_1.fastq,12924.04
1711,SRR7287243,SRR7287243_2.fastq,12924.04
1712,SRR7287244,SRR7287244_1.fastq,13015.57
1713,SRR7287244,SRR7287244_2.fastq,13015.57
1714,SRR7287245,SRR7287245_1.fastq,11613.11
1715,SRR7287245,SRR7287245_2.fastq,11613.11
1716,SRR7287246,SRR7287246_1.fastq,12593.3
1717,SRR7287246,SRR7287246_2.fastq,12593.3
1718,SRR7287247,SRR7287247_1.fastq,11147.69
1719,SRR7287247,SRR7287247_2.fastq,11147.69
1720,SRR7986789,SRR7986789_1.fastq,7040.35
1721,SRR7986789,SRR7986789_2.fastq,7040.35
1722,SRR7986790,SRR7986790_1.fastq,4652.52
1723,SRR7986790,SRR7986790_2.fastq,4652.52
1724,SRR7986791,SRR7986791_1.fastq,4921.8
1725,SRR7986791,SRR7986791_2.fastq,4921.8
1726,SRR7986792,SRR7986792_1.fastq,10784.25
1727,SRR7986792,SRR7986792_2.fastq,10784.25
1728,SRR7986793,SRR7986793_1.fastq,4223.35
1729,SRR7986793,SRR7986793_2.fastq,4223.35
1730,SRR7986794,SRR7986794_1.fastq,5194.26
1731,SRR7986794,SRR7986794_2.fastq,5194.26
1732,SRR7986795,SRR7986795_1.fastq,5005.57
1733,SRR7986795,SRR7986795_2.fastq,5005.57
1734,SRR7986796,SRR7986796_1.fastq,4476.4
1735,SRR7986796,SRR7986796_2.fastq,4476.4
1736,SRR7986797,SRR7986797_1.fastq,4775.12
1737,SRR7986797,SRR7986797_2.fastq,4775.12
1738,SRR7986798,SRR7986798_1.fastq,5674.56
1739,SRR7986798,SRR7986798_2.fastq,5674.56
1740,SRR7986799,SRR7986799_1.fastq,9743.66
1741,SRR7986799,SRR7986799_2.fastq,9743.66
1742,SRR7986800,SRR7986800_1.fastq,9413.73
1743,SRR7986800,SRR7986800_2.fastq,9413.73
1744,SRR7986801,SRR7986801_1.fastq,23401.35
1745,SRR7986801,SRR7986801_2.fastq,23401.35
1746,SRR7986802,SRR7986802_1.fastq,22678.68
1747,SRR7986802,SRR7986802_2.fastq,22678.68
1748,SRR7986803,SRR7986803_1.fastq,18576.79
1749,SRR7986803,SRR7986803_2.fastq,18576.79
1750,SRR7986804,SRR7986804_1.fastq,18385.34
1751,SRR7986804,SRR7986804_2.fastq,18385.34
1752,SRR7986805,SRR7986805_1.fastq,9629.52
1753,SRR7986805,SRR7986805_2.fastq,9629.52
1754,SRR7986806,SRR7986806_1.fastq,9777.29
1755,SRR7986806,SRR7986806_2.fastq,9777.29
1756,SRR7986807,SRR7986807_1.fastq,12551.96
1757,SRR7986807,SRR7986807_2.fastq,12551.96
1758,SRR7986808,SRR7986808_1.fastq,10929.77
1759,SRR7986808,SRR7986808_2.fastq,10929.77
1760,SRR7986809,SRR7986809_1.fastq,5485.65
1761,SRR7986809,SRR7986809_2.fastq,5485.65
1762,SRR7986810,SRR7986810_1.fastq,7520.64
1763,SRR7986810,SRR7986810_2.fastq,7520.64
1764,SRR7986811,SRR7986811_1.fastq,6541.74
1765,SRR7986811,SRR7986811_2.fastq,6541.74
